index_right,panoid,panoid_index,predicted_class
222,"['g-0fl9qAqlVIaWwJzdfexQ', 'sOF6ea8n4oMHxgUptP6x9A', 'wH4zLWJmdS7JYSYeae6tFQ', 'cG9zLa8WmMQMnRQuelq2vw', 'cypV6iAWsDdrEwA6QHoAFQ', 'B86zfmLgoyGgEaztvYFVng', 'FrTE016O0OYBDcOyCPLVvA', 'J2Ijy6hqSZw8sxYockUvwg', '5_GF4P8gBje7KiZRYb4ZJg', '7MuY7HtzVNsxzFNwT-_k9w', 'vQwgb4FApBDvO4gNmfEdCw', 'YojozIFCEy7e7NjFn8iztA', '0Vu5jxF4OyfdrXOGAXmDLQ', 'ZTmmZ6ai-HNzw1YOkSbCnw', 'hOFSfXV5XX1HDD68WvIF-A', 'jAP9aMipIXv9M4yTsR-n4g', 'uLSG4yqC80QPntLG3obtRw', 'AnermMa6EVBG4ZvxQFo8qA', 'MugeYH9tXYih15hi-4UX7g', 'bMe8bTM6bbJiLbs82scLVA', 's8vu6e8QtZ795XWx4sh2qg', 'vNTlJWr4Lyr30QP0Dyvg9A', 'bHPp0sNw5Caq15ecWTcwDA', 'q7TWLXyZNMx9T4KNp7NQYw', 'DPVQQoC4ZPKqbpScnFBtlg', 'yB2XF5baU9d5Vm5ssOacog', 'bs9R1Ti21d09GzGJdGUA1Q', 'iVAWIWKGL8z6Fh_R7lEUGA']","[4819, 4820, 4821, 4822, 4823, 4824, 4825, 4826, 4827, 4828, 4829, 4830, 4831, 6802, 6803, 6804, 6805, 6806, 6807, 6808, 6809, 6810, 6811, 6812, 6813, 6814, 6815, 6816]",main_road
223,"['02Zii9bbiYsFidCm2ggIyg', 'UeIiAYC1AautQKb0txlTJA', '33Pt5NjWetlL4exISavFqw', 'ZTmmZ6ai-HNzw1YOkSbCnw', 'hOFSfXV5XX1HDD68WvIF-A', 'jAP9aMipIXv9M4yTsR-n4g', 'uLSG4yqC80QPntLG3obtRw', 'AnermMa6EVBG4ZvxQFo8qA', 'MugeYH9tXYih15hi-4UX7g', 'bMe8bTM6bbJiLbs82scLVA', 's8vu6e8QtZ795XWx4sh2qg', 'vNTlJWr4Lyr30QP0Dyvg9A', 'bHPp0sNw5Caq15ecWTcwDA', 'q7TWLXyZNMx9T4KNp7NQYw', 'DPVQQoC4ZPKqbpScnFBtlg', 'yB2XF5baU9d5Vm5ssOacog', 'bs9R1Ti21d09GzGJdGUA1Q', 'iVAWIWKGL8z6Fh_R7lEUGA']","[6744, 6745, 6746, 6802, 6803, 6804, 6805, 6806, 6807, 6808, 6809, 6810, 6811, 6812, 6813, 6814, 6815, 6816]",main_road
224,"['ZTmmZ6ai-HNzw1YOkSbCnw', 'hOFSfXV5XX1HDD68WvIF-A', 'jAP9aMipIXv9M4yTsR-n4g', 'uLSG4yqC80QPntLG3obtRw', 'AnermMa6EVBG4ZvxQFo8qA', 'MugeYH9tXYih15hi-4UX7g', 'bMe8bTM6bbJiLbs82scLVA', 's8vu6e8QtZ795XWx4sh2qg', 'vNTlJWr4Lyr30QP0Dyvg9A', 'bHPp0sNw5Caq15ecWTcwDA', 'q7TWLXyZNMx9T4KNp7NQYw', 'DPVQQoC4ZPKqbpScnFBtlg', 'yB2XF5baU9d5Vm5ssOacog', 'bs9R1Ti21d09GzGJdGUA1Q', 'iVAWIWKGL8z6Fh_R7lEUGA']","[6802, 6803, 6804, 6805, 6806, 6807, 6808, 6809, 6810, 6811, 6812, 6813, 6814, 6815, 6816]",main_road
225,"['02Zii9bbiYsFidCm2ggIyg', 'UeIiAYC1AautQKb0txlTJA', '33Pt5NjWetlL4exISavFqw']","[6744, 6745, 6746]",residential_road
226,"['02Zii9bbiYsFidCm2ggIyg', 'UeIiAYC1AautQKb0txlTJA', '33Pt5NjWetlL4exISavFqw']","[6744, 6745, 6746]",residential_road
227,"['02Zii9bbiYsFidCm2ggIyg', 'UeIiAYC1AautQKb0txlTJA', '33Pt5NjWetlL4exISavFqw', 'ZTmmZ6ai-HNzw1YOkSbCnw', 'hOFSfXV5XX1HDD68WvIF-A', 'jAP9aMipIXv9M4yTsR-n4g', 'uLSG4yqC80QPntLG3obtRw', 'AnermMa6EVBG4ZvxQFo8qA', 'MugeYH9tXYih15hi-4UX7g', 'bMe8bTM6bbJiLbs82scLVA', 's8vu6e8QtZ795XWx4sh2qg', 'vNTlJWr4Lyr30QP0Dyvg9A', 'bHPp0sNw5Caq15ecWTcwDA', 'q7TWLXyZNMx9T4KNp7NQYw', 'DPVQQoC4ZPKqbpScnFBtlg', 'yB2XF5baU9d5Vm5ssOacog', 'bs9R1Ti21d09GzGJdGUA1Q', 'iVAWIWKGL8z6Fh_R7lEUGA']","[6744, 6745, 6746, 6802, 6803, 6804, 6805, 6806, 6807, 6808, 6809, 6810, 6811, 6812, 6813, 6814, 6815, 6816]",main_road
228,"['02Zii9bbiYsFidCm2ggIyg', 'UeIiAYC1AautQKb0txlTJA', '33Pt5NjWetlL4exISavFqw']","[6744, 6745, 6746]",residential_road
230,"['l76mslGBC4cm3JUd9AMe4w', 'LcdQc-03jGYbmIDsIvUpbA', 'krOJMASNYzGbLKQACmtMVQ', '-iHR2NJlo2FFKimUF8V-ug', 'wT-DkCsGlkKaxxgEuaR2BQ', '0R5ZLQvK36IYtG46kKhwfw', 'AF1QipNup8bdDc6_zfWfk23Mr-fmYznU7lixZZArJEFi', '2nXfP3LZ8RK24DNje4Fitw']","[4858, 4860, 4864, 4865, 4867, 4870, 4871, 4895]",main_road
231,"['Oq0myhauPAM4vYKYsIrDLA', 'l76mslGBC4cm3JUd9AMe4w', '-9PUX3apRCO2cHcjdyPaxQ', 'LcdQc-03jGYbmIDsIvUpbA', 'yqEd6GXg-yGbmLbWnmIgUg', 'i-L07s2Tn6hFUAqDZHH5-w', 'zXjfLE11mZPi6rBbNR2PAA', 'krOJMASNYzGbLKQACmtMVQ', '-iHR2NJlo2FFKimUF8V-ug', 'm1HwQHWei7EL0LsXI4PjEQ', 'wT-DkCsGlkKaxxgEuaR2BQ', 'dphCi1tcHfjveTpiwOw3pg', 'HOCRyAKxJdMW70XyIfu20g', '0R5ZLQvK36IYtG46kKhwfw', 'AF1QipNup8bdDc6_zfWfk23Mr-fmYznU7lixZZArJEFi', '2nXfP3LZ8RK24DNje4Fitw']","[4857, 4858, 4859, 4860, 4861, 4862, 4863, 4864, 4865, 4866, 4867, 4868, 4869, 4870, 4871, 4895]",main_road
232,"['MPrzQbwiiKzaqw-Ob9pffg', 'r41EvQ-UTzxyfT1OFeNNOw', '_9WDIf6G_qgC2f50i_N5Pw', 'w_t9-BfjNKkH5p2p4XhkRA', 'K9aiGIJjgjp6zVTJZXjEMA']","[4872, 4873, 4874, 4875, 4894]",pedestrian_road
233,['2nXfP3LZ8RK24DNje4Fitw'],[4895],main_road
234,['2nXfP3LZ8RK24DNje4Fitw'],[4895],main_road
235,['2nXfP3LZ8RK24DNje4Fitw'],[4895],main_road
236,"['K9aiGIJjgjp6zVTJZXjEMA', '2nXfP3LZ8RK24DNje4Fitw', '2_P2sgCfiQk2SWuYvKy_iA', 'zxiWfFItYvCiqFLN-1T2-w']","[4894, 4895, 6748, 6751]",main_road
238,"['2_P2sgCfiQk2SWuYvKy_iA', 'zxiWfFItYvCiqFLN-1T2-w']","[6748, 6751]",main_road
242,"['FhEneF44zfycjO-tMqKzTQ', '2_P2sgCfiQk2SWuYvKy_iA', 'GsEAmviwVsev1j_OHair4g', '3WyacZtmxMt8esW49I9r_A', 'zxiWfFItYvCiqFLN-1T2-w', 'DU8MlVAaMy02hGe-qtw-8w', 'jo8IqxlU8IFesj9_7KCLGw', '4szDCBiyRgZVxiIvSn7bFQ', 'ewi4I5jMUJHgeM2qPIm4yg', 'XWfEoDiR5PrcrDRd3rLHCw', 'hP7GHE0Xr6bbLIYlq4BYrg', 'PcTeeshhH8Yh86RVfZ47wQ', 'zteZ2_yo_g_f1w8H82wSVg', 'Hl30oPahzTz6DWaKdzmBSw', '_YY65NwPK07Gajv-QEhokQ']","[6747, 6748, 6749, 6750, 6751, 6752, 6753, 6754, 6755, 6756, 6757, 6758, 6759, 6760, 6761]",main_road
243,"['FhEneF44zfycjO-tMqKzTQ', '2_P2sgCfiQk2SWuYvKy_iA', 'GsEAmviwVsev1j_OHair4g', '3WyacZtmxMt8esW49I9r_A', 'zxiWfFItYvCiqFLN-1T2-w', 'DU8MlVAaMy02hGe-qtw-8w', 'jo8IqxlU8IFesj9_7KCLGw', '4szDCBiyRgZVxiIvSn7bFQ', 'ewi4I5jMUJHgeM2qPIm4yg', 'XWfEoDiR5PrcrDRd3rLHCw', 'hP7GHE0Xr6bbLIYlq4BYrg', 'PcTeeshhH8Yh86RVfZ47wQ', 'zteZ2_yo_g_f1w8H82wSVg', 'Hl30oPahzTz6DWaKdzmBSw', '_YY65NwPK07Gajv-QEhokQ']","[6747, 6748, 6749, 6750, 6751, 6752, 6753, 6754, 6755, 6756, 6757, 6758, 6759, 6760, 6761]",main_road
244,"['FhEneF44zfycjO-tMqKzTQ', '2_P2sgCfiQk2SWuYvKy_iA', 'GsEAmviwVsev1j_OHair4g', '3WyacZtmxMt8esW49I9r_A', 'zxiWfFItYvCiqFLN-1T2-w', 'DU8MlVAaMy02hGe-qtw-8w', 'jo8IqxlU8IFesj9_7KCLGw', '4szDCBiyRgZVxiIvSn7bFQ', 'ewi4I5jMUJHgeM2qPIm4yg', 'XWfEoDiR5PrcrDRd3rLHCw', 'hP7GHE0Xr6bbLIYlq4BYrg', 'PcTeeshhH8Yh86RVfZ47wQ', 'zteZ2_yo_g_f1w8H82wSVg', 'Hl30oPahzTz6DWaKdzmBSw', '_YY65NwPK07Gajv-QEhokQ']","[6747, 6748, 6749, 6750, 6751, 6752, 6753, 6754, 6755, 6756, 6757, 6758, 6759, 6760, 6761]",main_road
245,"['2_P2sgCfiQk2SWuYvKy_iA', 'zxiWfFItYvCiqFLN-1T2-w']","[6748, 6751]",main_road
246,"['IEHk-Q8YSJZZfg1BT-uFhQ', 'I0VBnsuYxf3DpxyLyx37Hg', 'D9-EL2AP_aI1Hi1qw_wz1Q', 'FEOd6PJ6xB2iUrq1CHA4nQ', 'XOSalZZZ4e1Nnzcagd7Ogw', 'pHVpXDFBY3fQcQCIpwY_aA', 'AZ5ftUTVTV3VpgpgYKYaNw', '8mcCPpQVoRqXLHc-oudlDQ', 'rFmXQ-gWBRik1SsMIv2FTw', 'B76B7smYSwWYQGCQYq8Vqw', '4AGuoGNlYPm5--qX-VWXkg', 'iHMGtmaliHbRZ6sQA-u-xg', '1-ceWvLcE2oQ6RPPfdbLHw', 'I8K8ez_W1GsBOZLuOpVSCQ']","[6743, 6762, 6763, 6764, 6765, 6766, 6767, 6768, 6769, 6770, 6771, 6772, 6773, 6774]",main_road
247,"['2_P2sgCfiQk2SWuYvKy_iA', 'zxiWfFItYvCiqFLN-1T2-w', 'jo8IqxlU8IFesj9_7KCLGw', 'ewi4I5jMUJHgeM2qPIm4yg', 'XWfEoDiR5PrcrDRd3rLHCw', '_YY65NwPK07Gajv-QEhokQ']","[6748, 6751, 6753, 6755, 6756, 6761]",main_road
248,['IEHk-Q8YSJZZfg1BT-uFhQ'],[6743],main_road
249,['IEHk-Q8YSJZZfg1BT-uFhQ'],[6743],main_road
250,['zxiWfFItYvCiqFLN-1T2-w'],[6751],main_road
251,"['FhEneF44zfycjO-tMqKzTQ', '2_P2sgCfiQk2SWuYvKy_iA', 'GsEAmviwVsev1j_OHair4g', '3WyacZtmxMt8esW49I9r_A', 'zxiWfFItYvCiqFLN-1T2-w', 'DU8MlVAaMy02hGe-qtw-8w', 'jo8IqxlU8IFesj9_7KCLGw', '4szDCBiyRgZVxiIvSn7bFQ', 'ewi4I5jMUJHgeM2qPIm4yg', 'XWfEoDiR5PrcrDRd3rLHCw', 'hP7GHE0Xr6bbLIYlq4BYrg', 'PcTeeshhH8Yh86RVfZ47wQ', 'zteZ2_yo_g_f1w8H82wSVg', 'Hl30oPahzTz6DWaKdzmBSw', '_YY65NwPK07Gajv-QEhokQ', 'vGxvXzZeQl-i3LFnGBYt6A']","[6747, 6748, 6749, 6750, 6751, 6752, 6753, 6754, 6755, 6756, 6757, 6758, 6759, 6760, 6761, 6779]",main_road
253,"['I0VBnsuYxf3DpxyLyx37Hg', 'D9-EL2AP_aI1Hi1qw_wz1Q', 'FEOd6PJ6xB2iUrq1CHA4nQ', 'XOSalZZZ4e1Nnzcagd7Ogw', 'pHVpXDFBY3fQcQCIpwY_aA', 'AZ5ftUTVTV3VpgpgYKYaNw', '8mcCPpQVoRqXLHc-oudlDQ', 'rFmXQ-gWBRik1SsMIv2FTw', 'B76B7smYSwWYQGCQYq8Vqw', '4AGuoGNlYPm5--qX-VWXkg', 'iHMGtmaliHbRZ6sQA-u-xg', '1-ceWvLcE2oQ6RPPfdbLHw', 'I8K8ez_W1GsBOZLuOpVSCQ']","[6762, 6763, 6764, 6765, 6766, 6767, 6768, 6769, 6770, 6771, 6772, 6773, 6774]",main_road
254,['IEHk-Q8YSJZZfg1BT-uFhQ'],[6743],main_road
255,"['FhEneF44zfycjO-tMqKzTQ', '2_P2sgCfiQk2SWuYvKy_iA', 'GsEAmviwVsev1j_OHair4g', '3WyacZtmxMt8esW49I9r_A', 'zxiWfFItYvCiqFLN-1T2-w', 'DU8MlVAaMy02hGe-qtw-8w', 'jo8IqxlU8IFesj9_7KCLGw', '4szDCBiyRgZVxiIvSn7bFQ', 'ewi4I5jMUJHgeM2qPIm4yg', 'XWfEoDiR5PrcrDRd3rLHCw', 'hP7GHE0Xr6bbLIYlq4BYrg', 'PcTeeshhH8Yh86RVfZ47wQ', 'zteZ2_yo_g_f1w8H82wSVg', 'Hl30oPahzTz6DWaKdzmBSw', '_YY65NwPK07Gajv-QEhokQ']","[6747, 6748, 6749, 6750, 6751, 6752, 6753, 6754, 6755, 6756, 6757, 6758, 6759, 6760, 6761]",main_road
256,['K9aiGIJjgjp6zVTJZXjEMA'],[4894],pedestrian_road
257,['K9aiGIJjgjp6zVTJZXjEMA'],[4894],pedestrian_road
258,['2nXfP3LZ8RK24DNje4Fitw'],[4895],main_road
259,['2nXfP3LZ8RK24DNje4Fitw'],[4895],main_road
260,['K9aiGIJjgjp6zVTJZXjEMA'],[4894],pedestrian_road
261,"['2nXfP3LZ8RK24DNje4Fitw', 'FhEneF44zfycjO-tMqKzTQ', '2_P2sgCfiQk2SWuYvKy_iA', 'GsEAmviwVsev1j_OHair4g', '3WyacZtmxMt8esW49I9r_A', 'zxiWfFItYvCiqFLN-1T2-w', 'DU8MlVAaMy02hGe-qtw-8w', 'jo8IqxlU8IFesj9_7KCLGw', '4szDCBiyRgZVxiIvSn7bFQ', 'ewi4I5jMUJHgeM2qPIm4yg', 'XWfEoDiR5PrcrDRd3rLHCw', 'hP7GHE0Xr6bbLIYlq4BYrg', 'PcTeeshhH8Yh86RVfZ47wQ', 'zteZ2_yo_g_f1w8H82wSVg', 'Hl30oPahzTz6DWaKdzmBSw', '_YY65NwPK07Gajv-QEhokQ']","[4895, 6747, 6748, 6749, 6750, 6751, 6752, 6753, 6754, 6755, 6756, 6757, 6758, 6759, 6760, 6761]",main_road
262,['K9aiGIJjgjp6zVTJZXjEMA'],[4894],pedestrian_road
263,['2nXfP3LZ8RK24DNje4Fitw'],[4895],main_road
264,"['FhEneF44zfycjO-tMqKzTQ', '2_P2sgCfiQk2SWuYvKy_iA', 'GsEAmviwVsev1j_OHair4g', '3WyacZtmxMt8esW49I9r_A', 'zxiWfFItYvCiqFLN-1T2-w', 'DU8MlVAaMy02hGe-qtw-8w', 'jo8IqxlU8IFesj9_7KCLGw', '4szDCBiyRgZVxiIvSn7bFQ', 'ewi4I5jMUJHgeM2qPIm4yg', 'XWfEoDiR5PrcrDRd3rLHCw', 'hP7GHE0Xr6bbLIYlq4BYrg', 'PcTeeshhH8Yh86RVfZ47wQ', 'zteZ2_yo_g_f1w8H82wSVg', 'Hl30oPahzTz6DWaKdzmBSw', '_YY65NwPK07Gajv-QEhokQ']","[6747, 6748, 6749, 6750, 6751, 6752, 6753, 6754, 6755, 6756, 6757, 6758, 6759, 6760, 6761]",main_road
265,"['I0VBnsuYxf3DpxyLyx37Hg', 'D9-EL2AP_aI1Hi1qw_wz1Q', 'FEOd6PJ6xB2iUrq1CHA4nQ', 'XOSalZZZ4e1Nnzcagd7Ogw', 'pHVpXDFBY3fQcQCIpwY_aA', 'AZ5ftUTVTV3VpgpgYKYaNw', '8mcCPpQVoRqXLHc-oudlDQ', 'rFmXQ-gWBRik1SsMIv2FTw', 'B76B7smYSwWYQGCQYq8Vqw', '4AGuoGNlYPm5--qX-VWXkg', 'iHMGtmaliHbRZ6sQA-u-xg', '1-ceWvLcE2oQ6RPPfdbLHw', 'I8K8ez_W1GsBOZLuOpVSCQ']","[6762, 6763, 6764, 6765, 6766, 6767, 6768, 6769, 6770, 6771, 6772, 6773, 6774]",main_road
266,"['zxiWfFItYvCiqFLN-1T2-w', 'jo8IqxlU8IFesj9_7KCLGw', '4szDCBiyRgZVxiIvSn7bFQ', 'ewi4I5jMUJHgeM2qPIm4yg', 'XWfEoDiR5PrcrDRd3rLHCw', 'PcTeeshhH8Yh86RVfZ47wQ', 'zteZ2_yo_g_f1w8H82wSVg', 'Hl30oPahzTz6DWaKdzmBSw', '_YY65NwPK07Gajv-QEhokQ']","[6751, 6753, 6754, 6755, 6756, 6758, 6759, 6760, 6761]",main_road
267,"['FhEneF44zfycjO-tMqKzTQ', '2_P2sgCfiQk2SWuYvKy_iA', 'GsEAmviwVsev1j_OHair4g', '3WyacZtmxMt8esW49I9r_A', 'zxiWfFItYvCiqFLN-1T2-w', 'DU8MlVAaMy02hGe-qtw-8w', 'jo8IqxlU8IFesj9_7KCLGw', '4szDCBiyRgZVxiIvSn7bFQ', 'ewi4I5jMUJHgeM2qPIm4yg', 'XWfEoDiR5PrcrDRd3rLHCw', 'hP7GHE0Xr6bbLIYlq4BYrg', 'PcTeeshhH8Yh86RVfZ47wQ', 'zteZ2_yo_g_f1w8H82wSVg', 'Hl30oPahzTz6DWaKdzmBSw', '_YY65NwPK07Gajv-QEhokQ', 'vGxvXzZeQl-i3LFnGBYt6A']","[6747, 6748, 6749, 6750, 6751, 6752, 6753, 6754, 6755, 6756, 6757, 6758, 6759, 6760, 6761, 6779]",main_road
269,"['zxiWfFItYvCiqFLN-1T2-w', 'jo8IqxlU8IFesj9_7KCLGw', '4szDCBiyRgZVxiIvSn7bFQ', 'ewi4I5jMUJHgeM2qPIm4yg', 'XWfEoDiR5PrcrDRd3rLHCw', 'PcTeeshhH8Yh86RVfZ47wQ', 'zteZ2_yo_g_f1w8H82wSVg', 'Hl30oPahzTz6DWaKdzmBSw', '_YY65NwPK07Gajv-QEhokQ']","[6751, 6753, 6754, 6755, 6756, 6758, 6759, 6760, 6761]",main_road
270,"['FhEneF44zfycjO-tMqKzTQ', '2_P2sgCfiQk2SWuYvKy_iA', 'GsEAmviwVsev1j_OHair4g', '3WyacZtmxMt8esW49I9r_A', 'zxiWfFItYvCiqFLN-1T2-w', 'DU8MlVAaMy02hGe-qtw-8w', 'jo8IqxlU8IFesj9_7KCLGw', '4szDCBiyRgZVxiIvSn7bFQ', 'ewi4I5jMUJHgeM2qPIm4yg', 'XWfEoDiR5PrcrDRd3rLHCw', 'hP7GHE0Xr6bbLIYlq4BYrg', 'PcTeeshhH8Yh86RVfZ47wQ', 'zteZ2_yo_g_f1w8H82wSVg', 'Hl30oPahzTz6DWaKdzmBSw', '_YY65NwPK07Gajv-QEhokQ', 'vGxvXzZeQl-i3LFnGBYt6A', 'F90YQicwE2Ef4y91ofGarw', 'ZTMSNNbLzZuXSQY1_iXl4A']","[6747, 6748, 6749, 6750, 6751, 6752, 6753, 6754, 6755, 6756, 6757, 6758, 6759, 6760, 6761, 6779, 6780, 6782]",main_road
271,"['FhEneF44zfycjO-tMqKzTQ', '2_P2sgCfiQk2SWuYvKy_iA', 'GsEAmviwVsev1j_OHair4g', '3WyacZtmxMt8esW49I9r_A', 'zxiWfFItYvCiqFLN-1T2-w', 'DU8MlVAaMy02hGe-qtw-8w', 'jo8IqxlU8IFesj9_7KCLGw', '4szDCBiyRgZVxiIvSn7bFQ', 'ewi4I5jMUJHgeM2qPIm4yg', 'XWfEoDiR5PrcrDRd3rLHCw', 'hP7GHE0Xr6bbLIYlq4BYrg', 'PcTeeshhH8Yh86RVfZ47wQ', 'zteZ2_yo_g_f1w8H82wSVg', 'Hl30oPahzTz6DWaKdzmBSw', '_YY65NwPK07Gajv-QEhokQ', 'vGxvXzZeQl-i3LFnGBYt6A', 'F90YQicwE2Ef4y91ofGarw', 'ZTMSNNbLzZuXSQY1_iXl4A', 'yH4pcFVkYrTZcISScV-ODQ', 'INyZ8kXD_5aC_STkCoV8pw']","[6747, 6748, 6749, 6750, 6751, 6752, 6753, 6754, 6755, 6756, 6757, 6758, 6759, 6760, 6761, 6779, 6780, 6782, 6784, 6785]",main_road
272,"['zxiWfFItYvCiqFLN-1T2-w', 'jo8IqxlU8IFesj9_7KCLGw', '4szDCBiyRgZVxiIvSn7bFQ', 'ewi4I5jMUJHgeM2qPIm4yg', 'XWfEoDiR5PrcrDRd3rLHCw', 'PcTeeshhH8Yh86RVfZ47wQ', 'zteZ2_yo_g_f1w8H82wSVg', 'Hl30oPahzTz6DWaKdzmBSw', '_YY65NwPK07Gajv-QEhokQ', 'Gz9h8eOMYWZIzM0gUC7R1A', 'vGxvXzZeQl-i3LFnGBYt6A', 'oDqMwnoUq_u2JF3xhXarig', 'yH4pcFVkYrTZcISScV-ODQ', 'INyZ8kXD_5aC_STkCoV8pw']","[6751, 6753, 6754, 6755, 6756, 6758, 6759, 6760, 6761, 6777, 6779, 6781, 6784, 6785]",main_road
273,"['zxiWfFItYvCiqFLN-1T2-w', 'jo8IqxlU8IFesj9_7KCLGw', '4szDCBiyRgZVxiIvSn7bFQ', 'XWfEoDiR5PrcrDRd3rLHCw', '_YY65NwPK07Gajv-QEhokQ', 'Gz9h8eOMYWZIzM0gUC7R1A', 'vGxvXzZeQl-i3LFnGBYt6A', 'oDqMwnoUq_u2JF3xhXarig', 'yH4pcFVkYrTZcISScV-ODQ', 'INyZ8kXD_5aC_STkCoV8pw']","[6751, 6753, 6754, 6756, 6761, 6777, 6779, 6781, 6784, 6785]",main_road
274,"['FhEneF44zfycjO-tMqKzTQ', '2_P2sgCfiQk2SWuYvKy_iA', 'GsEAmviwVsev1j_OHair4g', '3WyacZtmxMt8esW49I9r_A', 'zxiWfFItYvCiqFLN-1T2-w', 'DU8MlVAaMy02hGe-qtw-8w', 'jo8IqxlU8IFesj9_7KCLGw', '4szDCBiyRgZVxiIvSn7bFQ', 'ewi4I5jMUJHgeM2qPIm4yg', 'XWfEoDiR5PrcrDRd3rLHCw', 'hP7GHE0Xr6bbLIYlq4BYrg', 'PcTeeshhH8Yh86RVfZ47wQ', 'zteZ2_yo_g_f1w8H82wSVg', 'Hl30oPahzTz6DWaKdzmBSw', '_YY65NwPK07Gajv-QEhokQ', 'Gz9h8eOMYWZIzM0gUC7R1A', 'SMGocV7dphoSOOU0JjCJiw', 'vGxvXzZeQl-i3LFnGBYt6A', 'F90YQicwE2Ef4y91ofGarw', 'oDqMwnoUq_u2JF3xhXarig', 'ZTMSNNbLzZuXSQY1_iXl4A', 'TyqUxk2I6L9Ottgc1-OFLw', 'yH4pcFVkYrTZcISScV-ODQ', 'INyZ8kXD_5aC_STkCoV8pw']","[6747, 6748, 6749, 6750, 6751, 6752, 6753, 6754, 6755, 6756, 6757, 6758, 6759, 6760, 6761, 6777, 6778, 6779, 6780, 6781, 6782, 6783, 6784, 6785]",main_road
275,"['ZkixWJs8AB5RT0aAFF4LqQ', 'UkySH9hnABe3LYlZdVZpLw', 'YMA6X099leQjPMI-hIenrw', 'xepAr-nYh0eZsEsRI9sN4g', 'AF1QipPadXS6K4z2iLs5FHnKJwlzO2xTPYalKHw4ypGB']","[4277, 4279, 4280, 4281, 4282]",pedestrian_road
276,"['ZkixWJs8AB5RT0aAFF4LqQ', 'UkySH9hnABe3LYlZdVZpLw', 'YMA6X099leQjPMI-hIenrw', 'xepAr-nYh0eZsEsRI9sN4g', 'AF1QipPadXS6K4z2iLs5FHnKJwlzO2xTPYalKHw4ypGB']","[4277, 4279, 4280, 4281, 4282]",pedestrian_road
277,"['WkBmWMUiTfc8b_TIkuHoeA', 'fOIltDZD3VuOIs1cBNR7xw', 'GYUjFcdlD8qAJ61BZRizQA', 'Ti6fmAofwvqiw_7fG62o3Q', 'RznChJLWDrfcxsaEW5XZeQ']","[4374, 5242, 5243, 5244, 5245]",main_road
278,"['wWqdi2AM8GGeP1lbQWwKfQ', 'COO5cxnSk4U-s4l1jY7SGQ', 'vf0_HQn_uZLlXKFBsbSCGQ', 'YZ0BqKJWJQa91dpyS_PHpQ', '3YZopYuPDm7UgHP4XNmHlA']","[5197, 5198, 5199, 5200, 5201]",pedestrian_road
279,"['5jK_zvMj9BEri8bpSXhvrA', 'TqnBmVSc6bpqHkEYj9ZgCw', '2kfC5HQA5p78Ky8KElv5tA', 'jQAX4cmp3rlBsRVHFnDOAw', 'RGKMYLPdi8RuKAo2OixVmg', 'THur22IPRpwKgSo5fEaWfw', '7PVZOE-1yH8D-2MD2gNb2A', 'fbe8fWBXMYf4wzwHUEU7PQ', 'xCXzc-PaqCo33yYbFhMXaw', '-iujJfFLhZaA5r8MOEothg']","[4292, 4293, 4294, 4295, 4296, 4298, 4299, 4300, 4301, 4302]",pedestrian_road
280,"['ZkixWJs8AB5RT0aAFF4LqQ', 'UkySH9hnABe3LYlZdVZpLw', 'YMA6X099leQjPMI-hIenrw', 'xepAr-nYh0eZsEsRI9sN4g', 'AF1QipPadXS6K4z2iLs5FHnKJwlzO2xTPYalKHw4ypGB', '5jK_zvMj9BEri8bpSXhvrA', 'TqnBmVSc6bpqHkEYj9ZgCw', '2kfC5HQA5p78Ky8KElv5tA', 'jQAX4cmp3rlBsRVHFnDOAw', 'RGKMYLPdi8RuKAo2OixVmg', 'THur22IPRpwKgSo5fEaWfw', '7PVZOE-1yH8D-2MD2gNb2A', 'fbe8fWBXMYf4wzwHUEU7PQ', 'xCXzc-PaqCo33yYbFhMXaw', '-iujJfFLhZaA5r8MOEothg']","[4277, 4279, 4280, 4281, 4282, 4292, 4293, 4294, 4295, 4296, 4298, 4299, 4300, 4301, 4302]",pedestrian_road
281,"['fOIltDZD3VuOIs1cBNR7xw', 'GYUjFcdlD8qAJ61BZRizQA', 'Ti6fmAofwvqiw_7fG62o3Q', 'RznChJLWDrfcxsaEW5XZeQ']","[5242, 5243, 5244, 5245]",main_road
282,"['VhaFW-T35pjcR5DZaVv4Ew', 'GFRnKJyIk7uyz34c6Wxl7A', 'W_n_txfgBLgIlSWt8SmCDw', 'C6ZfEVLznK3CE_7Sqp78hg', 'fOIltDZD3VuOIs1cBNR7xw', 'GYUjFcdlD8qAJ61BZRizQA', 'Ti6fmAofwvqiw_7fG62o3Q', 'RznChJLWDrfcxsaEW5XZeQ']","[4319, 4320, 4321, 4322, 5242, 5243, 5244, 5245]",main_road
283,['T_DKRnsWrVRS_pDt7x6MDw'],[5203],main_road
284,"['T_DKRnsWrVRS_pDt7x6MDw', 'fE4rJ6DMYTTxnWE0W7mghw']","[5203, 5204]",main_road
285,"['T_DKRnsWrVRS_pDt7x6MDw', 'fE4rJ6DMYTTxnWE0W7mghw']","[5203, 5204]",main_road
286,"['BXVgufOUroARflBiJ3xlqQ', 'soDpLCKSVvgaq1X7vJUWag', 'dHl3Ssgwyb5Qez_Qkp1DTQ', 'nwMtKZGsoSEgQMUWJM4PVQ', 'Ix0bqeifeDmr3UjngovBsg', 'BApKa7rP29AmByUT_yCMzA', 'k8PLBZMbcE0OIFWD1eV6tg', '9lToFNj492LwdRmye0ZvSQ', '0nfqlqSrMUGS22prlw-nxw', 'pytMpVaGPhCVZ-1I8MW6fQ', 'go9sn8ulA0z2aXBXEBgrkA', 'bj0hNSJJHZhAV4jstxs6UA', 'fluwkhrvSbLhXc4aGdznXw', 'zEdHnMeo_6mF2ra1-qm08Q', 'YBdoBbjazpkIkoz971nKkQ', 'PPLLYOZgndV8saWl116cQw', 'DnZNrm9hRqRYA1Z4rpUvLQ']","[5266, 5267, 5268, 5269, 5270, 5271, 5272, 5273, 5274, 5275, 5276, 5277, 5278, 5279, 5280, 5281, 5282]",main_road
287,"['MDMcxJgb5uBHTbdZ3gItuQ', 'C01X0Na1mj2kgVPDhTmATQ', '3ARYu6-FG7ydr3539K_lKA', 'mM-j14GAu2hX4JCCv4QwLw', 'MKrXkQargeUUkg2OIL1SJQ', 'J3UC7flM916mGcj2jyRdNQ', 'ZV0KXcV7AM-atsv83UHyTA', 'o15QopY9_kOKPbxTpe252Q', 'UmzhS_hKdZFfa0HOTmLuNQ', '59ITey0tU90hDJpEwRpEKw', 'ZjHLDjsPuM0lXA42X3G5tA', 'TvEyLF6GRbpu4NFRXNL_3g', 'aatZxzgnM5EXQaxAS-2LRw', 'W2JUhONdo7fsEnPUAaDDcQ', 'Ux4qhFL_iX_L1gzVv_uWPQ', 'IWT_o2YLlmrrgftV4X16wA', '22bip4azSFVJ2xeiNAjQvA', 'vqwPThlHPWkeZ1XGk9QBNQ', 'iOwdsK14FxYJuf-XqEhUVw', 'ihSjsWkXyOyHwf0vGFIb2g', 'RZBc5OLsNzACynknloor6A', 'ruMlXsaMF_koedNC2fRpkQ', 'gqXeeqyqX804pwtbEWW1vA', 'j6MwUaOg9dD-V7wy-X939g', 'p6B-Ge1ojYihdLcjdkb_hA', 'SLjW3wDM-JMIjPo3iiB76A', 'lFmA-yeqXVnW_NyvH_EYnA', 'AlRbcdiqJLD_e0lXg9kmiQ', 'PEqfjvBSwajPWTZN3xjrFg', '0tfwZ57XVvN-18bwZ3a6RA', '-qUvsvCktGgNQaKMw9SZCA', 'EHy6EAare8WDnRK0an5cPA']","[4342, 4343, 4344, 4345, 4346, 4347, 4348, 4349, 4350, 4351, 4352, 4353, 4354, 4355, 4356, 4357, 4358, 4359, 4360, 4361, 4362, 4363, 4364, 4365, 4366, 4367, 4368, 4369, 4370, 4371, 4372, 4373]",main_road
288,"['MDMcxJgb5uBHTbdZ3gItuQ', 'C01X0Na1mj2kgVPDhTmATQ', '3ARYu6-FG7ydr3539K_lKA', 'mM-j14GAu2hX4JCCv4QwLw', 'MKrXkQargeUUkg2OIL1SJQ', 'J3UC7flM916mGcj2jyRdNQ', 'ZV0KXcV7AM-atsv83UHyTA', 'o15QopY9_kOKPbxTpe252Q', 'UmzhS_hKdZFfa0HOTmLuNQ', '59ITey0tU90hDJpEwRpEKw', 'ZjHLDjsPuM0lXA42X3G5tA', 'TvEyLF6GRbpu4NFRXNL_3g', 'aatZxzgnM5EXQaxAS-2LRw', 'W2JUhONdo7fsEnPUAaDDcQ', 'Ux4qhFL_iX_L1gzVv_uWPQ', 'IWT_o2YLlmrrgftV4X16wA', '22bip4azSFVJ2xeiNAjQvA', 'vqwPThlHPWkeZ1XGk9QBNQ', 'iOwdsK14FxYJuf-XqEhUVw', 'ihSjsWkXyOyHwf0vGFIb2g', 'RZBc5OLsNzACynknloor6A', 'ruMlXsaMF_koedNC2fRpkQ', 'gqXeeqyqX804pwtbEWW1vA', 'j6MwUaOg9dD-V7wy-X939g', 'p6B-Ge1ojYihdLcjdkb_hA', 'SLjW3wDM-JMIjPo3iiB76A', 'lFmA-yeqXVnW_NyvH_EYnA', 'AlRbcdiqJLD_e0lXg9kmiQ', 'PEqfjvBSwajPWTZN3xjrFg', '0tfwZ57XVvN-18bwZ3a6RA', '-qUvsvCktGgNQaKMw9SZCA', 'EHy6EAare8WDnRK0an5cPA']","[4342, 4343, 4344, 4345, 4346, 4347, 4348, 4349, 4350, 4351, 4352, 4353, 4354, 4355, 4356, 4357, 4358, 4359, 4360, 4361, 4362, 4363, 4364, 4365, 4366, 4367, 4368, 4369, 4370, 4371, 4372, 4373]",main_road
289,"['MDMcxJgb5uBHTbdZ3gItuQ', 'C01X0Na1mj2kgVPDhTmATQ', '3ARYu6-FG7ydr3539K_lKA', 'mM-j14GAu2hX4JCCv4QwLw', 'MKrXkQargeUUkg2OIL1SJQ', 'J3UC7flM916mGcj2jyRdNQ', 'ZV0KXcV7AM-atsv83UHyTA', 'o15QopY9_kOKPbxTpe252Q', 'UmzhS_hKdZFfa0HOTmLuNQ', '59ITey0tU90hDJpEwRpEKw', 'ZjHLDjsPuM0lXA42X3G5tA', 'TvEyLF6GRbpu4NFRXNL_3g', 'aatZxzgnM5EXQaxAS-2LRw', 'W2JUhONdo7fsEnPUAaDDcQ', 'Ux4qhFL_iX_L1gzVv_uWPQ', 'IWT_o2YLlmrrgftV4X16wA', '22bip4azSFVJ2xeiNAjQvA', 'vqwPThlHPWkeZ1XGk9QBNQ', 'iOwdsK14FxYJuf-XqEhUVw', 'ihSjsWkXyOyHwf0vGFIb2g', 'RZBc5OLsNzACynknloor6A', 'ruMlXsaMF_koedNC2fRpkQ', 'gqXeeqyqX804pwtbEWW1vA', 'j6MwUaOg9dD-V7wy-X939g', 'p6B-Ge1ojYihdLcjdkb_hA', 'SLjW3wDM-JMIjPo3iiB76A', 'lFmA-yeqXVnW_NyvH_EYnA', 'AlRbcdiqJLD_e0lXg9kmiQ', 'PEqfjvBSwajPWTZN3xjrFg', '0tfwZ57XVvN-18bwZ3a6RA', '-qUvsvCktGgNQaKMw9SZCA', 'EHy6EAare8WDnRK0an5cPA']","[4342, 4343, 4344, 4345, 4346, 4347, 4348, 4349, 4350, 4351, 4352, 4353, 4354, 4355, 4356, 4357, 4358, 4359, 4360, 4361, 4362, 4363, 4364, 4365, 4366, 4367, 4368, 4369, 4370, 4371, 4372, 4373]",main_road
290,"['MDMcxJgb5uBHTbdZ3gItuQ', 'C01X0Na1mj2kgVPDhTmATQ', '3ARYu6-FG7ydr3539K_lKA', 'mM-j14GAu2hX4JCCv4QwLw', 'MKrXkQargeUUkg2OIL1SJQ', 'J3UC7flM916mGcj2jyRdNQ', 'ZV0KXcV7AM-atsv83UHyTA', 'o15QopY9_kOKPbxTpe252Q', 'UmzhS_hKdZFfa0HOTmLuNQ', '59ITey0tU90hDJpEwRpEKw', 'ZjHLDjsPuM0lXA42X3G5tA', 'TvEyLF6GRbpu4NFRXNL_3g', 'aatZxzgnM5EXQaxAS-2LRw', 'W2JUhONdo7fsEnPUAaDDcQ', 'Ux4qhFL_iX_L1gzVv_uWPQ', 'IWT_o2YLlmrrgftV4X16wA', '22bip4azSFVJ2xeiNAjQvA', 'vqwPThlHPWkeZ1XGk9QBNQ', 'iOwdsK14FxYJuf-XqEhUVw', 'ihSjsWkXyOyHwf0vGFIb2g', 'RZBc5OLsNzACynknloor6A', 'ruMlXsaMF_koedNC2fRpkQ', 'gqXeeqyqX804pwtbEWW1vA', 'j6MwUaOg9dD-V7wy-X939g', 'p6B-Ge1ojYihdLcjdkb_hA', 'SLjW3wDM-JMIjPo3iiB76A', 'lFmA-yeqXVnW_NyvH_EYnA', 'AlRbcdiqJLD_e0lXg9kmiQ', 'PEqfjvBSwajPWTZN3xjrFg', '0tfwZ57XVvN-18bwZ3a6RA', '-qUvsvCktGgNQaKMw9SZCA', 'EHy6EAare8WDnRK0an5cPA']","[4342, 4343, 4344, 4345, 4346, 4347, 4348, 4349, 4350, 4351, 4352, 4353, 4354, 4355, 4356, 4357, 4358, 4359, 4360, 4361, 4362, 4363, 4364, 4365, 4366, 4367, 4368, 4369, 4370, 4371, 4372, 4373]",main_road
291,"['MDMcxJgb5uBHTbdZ3gItuQ', 'C01X0Na1mj2kgVPDhTmATQ', '3ARYu6-FG7ydr3539K_lKA', 'mM-j14GAu2hX4JCCv4QwLw', 'MKrXkQargeUUkg2OIL1SJQ', 'J3UC7flM916mGcj2jyRdNQ', 'ZV0KXcV7AM-atsv83UHyTA', 'o15QopY9_kOKPbxTpe252Q', 'UmzhS_hKdZFfa0HOTmLuNQ', '59ITey0tU90hDJpEwRpEKw', 'ZjHLDjsPuM0lXA42X3G5tA', 'TvEyLF6GRbpu4NFRXNL_3g', 'aatZxzgnM5EXQaxAS-2LRw', 'W2JUhONdo7fsEnPUAaDDcQ', 'Ux4qhFL_iX_L1gzVv_uWPQ', 'IWT_o2YLlmrrgftV4X16wA', '22bip4azSFVJ2xeiNAjQvA', 'vqwPThlHPWkeZ1XGk9QBNQ', 'iOwdsK14FxYJuf-XqEhUVw', 'ihSjsWkXyOyHwf0vGFIb2g', 'RZBc5OLsNzACynknloor6A', 'ruMlXsaMF_koedNC2fRpkQ', 'gqXeeqyqX804pwtbEWW1vA', 'j6MwUaOg9dD-V7wy-X939g', 'p6B-Ge1ojYihdLcjdkb_hA', 'SLjW3wDM-JMIjPo3iiB76A', 'lFmA-yeqXVnW_NyvH_EYnA', 'AlRbcdiqJLD_e0lXg9kmiQ', 'PEqfjvBSwajPWTZN3xjrFg', '0tfwZ57XVvN-18bwZ3a6RA', '-qUvsvCktGgNQaKMw9SZCA', 'EHy6EAare8WDnRK0an5cPA', 'JpmFL3ocTjbHQqZI79Nxtg', 'CCEDwNETpHvsR1X76ol0ng', 'x5Iij0ihnWoUnMgymk-wrw', 'nLar6JZ_6WSnkSoP-tnRWg', '08LWTrDfhvKBzqTeMIfH8Q', 'j91YFzJ-0VkygK04HBzW_A', 'SN4FLSrsG_yBVak5Dq5-VQ', 'xbyY8pPrD1zhE9QMK4VyxA', '_5loi8t8acGXSsnEGkYCZQ', '7wQyKKcR_Ly9tgHnwAfdmw', 'pECs51pQUCxxGbCfkTF8qg', 'YbDDTMqFniQwuADrXid3vw', 'pf7Viz25YS1jqxIs8XXNSA', 'zpEWlQRvxiYZJEXvNPpOgw', 'uyDLQLDpvyuXVt7v2_pEJA', 'Vux-rD0_BkniOzSC4QvjtA']","[4342, 4343, 4344, 4345, 4346, 4347, 4348, 4349, 4350, 4351, 4352, 4353, 4354, 4355, 4356, 4357, 4358, 4359, 4360, 4361, 4362, 4363, 4364, 4365, 4366, 4367, 4368, 4369, 4370, 4371, 4372, 4373, 4379, 4380, 4381, 4382, 4383, 4384, 4385, 4386, 4387, 4388, 4389, 4390, 4391, 4392, 4393, 4394]",main_road
292,"['MDMcxJgb5uBHTbdZ3gItuQ', 'C01X0Na1mj2kgVPDhTmATQ', '22bip4azSFVJ2xeiNAjQvA', 'vqwPThlHPWkeZ1XGk9QBNQ', 'iOwdsK14FxYJuf-XqEhUVw', 'ihSjsWkXyOyHwf0vGFIb2g', 'RZBc5OLsNzACynknloor6A', 'ruMlXsaMF_koedNC2fRpkQ', 'gqXeeqyqX804pwtbEWW1vA', 'j6MwUaOg9dD-V7wy-X939g', 'p6B-Ge1ojYihdLcjdkb_hA', 'SLjW3wDM-JMIjPo3iiB76A', 'lFmA-yeqXVnW_NyvH_EYnA', 'AlRbcdiqJLD_e0lXg9kmiQ', 'PEqfjvBSwajPWTZN3xjrFg', '0tfwZ57XVvN-18bwZ3a6RA', '-qUvsvCktGgNQaKMw9SZCA', 'EHy6EAare8WDnRK0an5cPA', 'JpmFL3ocTjbHQqZI79Nxtg', 'CCEDwNETpHvsR1X76ol0ng', 'x5Iij0ihnWoUnMgymk-wrw', 'nLar6JZ_6WSnkSoP-tnRWg', '08LWTrDfhvKBzqTeMIfH8Q', 'j91YFzJ-0VkygK04HBzW_A', 'SN4FLSrsG_yBVak5Dq5-VQ', 'xbyY8pPrD1zhE9QMK4VyxA', '_5loi8t8acGXSsnEGkYCZQ', '7wQyKKcR_Ly9tgHnwAfdmw', 'pECs51pQUCxxGbCfkTF8qg', 'YbDDTMqFniQwuADrXid3vw', 'pf7Viz25YS1jqxIs8XXNSA', 'zpEWlQRvxiYZJEXvNPpOgw', 'uyDLQLDpvyuXVt7v2_pEJA', 'Vux-rD0_BkniOzSC4QvjtA', 'k8PLBZMbcE0OIFWD1eV6tg', '9lToFNj492LwdRmye0ZvSQ', 'go9sn8ulA0z2aXBXEBgrkA', 'bj0hNSJJHZhAV4jstxs6UA', 'fluwkhrvSbLhXc4aGdznXw', 'zEdHnMeo_6mF2ra1-qm08Q', 'YBdoBbjazpkIkoz971nKkQ']","[4342, 4343, 4358, 4359, 4360, 4361, 4362, 4363, 4364, 4365, 4366, 4367, 4368, 4369, 4370, 4371, 4372, 4373, 4379, 4380, 4381, 4382, 4383, 4384, 4385, 4386, 4387, 4388, 4389, 4390, 4391, 4392, 4393, 4394, 5272, 5273, 5276, 5277, 5278, 5279, 5280]",main_road
293,"['MDMcxJgb5uBHTbdZ3gItuQ', 'C01X0Na1mj2kgVPDhTmATQ', '3ARYu6-FG7ydr3539K_lKA', 'mM-j14GAu2hX4JCCv4QwLw', 'MKrXkQargeUUkg2OIL1SJQ', 'J3UC7flM916mGcj2jyRdNQ', 'ZV0KXcV7AM-atsv83UHyTA', 'o15QopY9_kOKPbxTpe252Q', 'UmzhS_hKdZFfa0HOTmLuNQ', 'ZjHLDjsPuM0lXA42X3G5tA', 'TvEyLF6GRbpu4NFRXNL_3g', 'aatZxzgnM5EXQaxAS-2LRw', 'Ux4qhFL_iX_L1gzVv_uWPQ', 'IWT_o2YLlmrrgftV4X16wA', '22bip4azSFVJ2xeiNAjQvA', 'vqwPThlHPWkeZ1XGk9QBNQ', 'iOwdsK14FxYJuf-XqEhUVw', 'ihSjsWkXyOyHwf0vGFIb2g', 'RZBc5OLsNzACynknloor6A', 'ruMlXsaMF_koedNC2fRpkQ', 'gqXeeqyqX804pwtbEWW1vA', 'j6MwUaOg9dD-V7wy-X939g', 'p6B-Ge1ojYihdLcjdkb_hA', 'SLjW3wDM-JMIjPo3iiB76A', 'lFmA-yeqXVnW_NyvH_EYnA', 'AlRbcdiqJLD_e0lXg9kmiQ', 'PEqfjvBSwajPWTZN3xjrFg', '0tfwZ57XVvN-18bwZ3a6RA', '-qUvsvCktGgNQaKMw9SZCA', 'EHy6EAare8WDnRK0an5cPA', 'JpmFL3ocTjbHQqZI79Nxtg', 'CCEDwNETpHvsR1X76ol0ng', 'x5Iij0ihnWoUnMgymk-wrw', 'nLar6JZ_6WSnkSoP-tnRWg', '08LWTrDfhvKBzqTeMIfH8Q', 'j91YFzJ-0VkygK04HBzW_A', 'SN4FLSrsG_yBVak5Dq5-VQ', 'xbyY8pPrD1zhE9QMK4VyxA', '_5loi8t8acGXSsnEGkYCZQ', '7wQyKKcR_Ly9tgHnwAfdmw', 'pECs51pQUCxxGbCfkTF8qg', 'YbDDTMqFniQwuADrXid3vw', 'pf7Viz25YS1jqxIs8XXNSA', 'zpEWlQRvxiYZJEXvNPpOgw', 'uyDLQLDpvyuXVt7v2_pEJA', 'Vux-rD0_BkniOzSC4QvjtA', 'dtgI7_hnMBusz0g5Hr9xNA', 'yKr5qVoYvxS-TZgGO1rYvA', 'O8n-6X-18xOW-4b8za3Ang', '5yoJCi-QLeSN2OTC2wcY5Q', 'xdR_yf4xcSxK3dQbbNNwLw', 'uT2Oiy8lEqVfLlDSkH_i2g', 'gqurXzKiovi21WOTJfEOPg', 'mGJJKgytjhAVkaWWfPpy7g', 'Oj_xKmHjgwl87gotfdJWew', 'CVy7loybtXvH1wl1Ta86RA', '1P3MmGFdMYNf5YPeVM5nRg', 'qrNrfBt4qbug3LEFE-F0jA', 'b050vfW4Ie5zmF8SqrU0mA', 'v5-E4vfch9anU9JCUztCcQ', 'UeHRb2YeOa7cUGVHA8co7w', '_5ZBaINafeuDHyUljAwIzw', 'n-gdbTv4PTVUDVSVaywU6Q']","[4342, 4343, 4344, 4345, 4346, 4347, 4348, 4349, 4350, 4352, 4353, 4354, 4356, 4357, 4358, 4359, 4360, 4361, 4362, 4363, 4364, 4365, 4366, 4367, 4368, 4369, 4370, 4371, 4372, 4373, 4379, 4380, 4381, 4382, 4383, 4384, 4385, 4386, 4387, 4388, 4389, 4390, 4391, 4392, 4393, 4394, 5249, 5250, 5251, 5252, 5253, 5254, 5255, 5256, 5257, 5258, 5259, 5260, 5261, 5262, 5263, 5264, 5265]",main_road
294,"['JpmFL3ocTjbHQqZI79Nxtg', 'CCEDwNETpHvsR1X76ol0ng', 'x5Iij0ihnWoUnMgymk-wrw', 'nLar6JZ_6WSnkSoP-tnRWg', '08LWTrDfhvKBzqTeMIfH8Q', 'j91YFzJ-0VkygK04HBzW_A', 'SN4FLSrsG_yBVak5Dq5-VQ', 'xbyY8pPrD1zhE9QMK4VyxA', '_5loi8t8acGXSsnEGkYCZQ', '7wQyKKcR_Ly9tgHnwAfdmw', 'pECs51pQUCxxGbCfkTF8qg', 'YbDDTMqFniQwuADrXid3vw', 'pf7Viz25YS1jqxIs8XXNSA', 'zpEWlQRvxiYZJEXvNPpOgw', 'uyDLQLDpvyuXVt7v2_pEJA', 'Vux-rD0_BkniOzSC4QvjtA']","[4379, 4380, 4381, 4382, 4383, 4384, 4385, 4386, 4387, 4388, 4389, 4390, 4391, 4392, 4393, 4394]",pedestrian_road
295,"['JpmFL3ocTjbHQqZI79Nxtg', 'CCEDwNETpHvsR1X76ol0ng', 'x5Iij0ihnWoUnMgymk-wrw', 'nLar6JZ_6WSnkSoP-tnRWg', '08LWTrDfhvKBzqTeMIfH8Q', 'j91YFzJ-0VkygK04HBzW_A', 'SN4FLSrsG_yBVak5Dq5-VQ', 'xbyY8pPrD1zhE9QMK4VyxA', '_5loi8t8acGXSsnEGkYCZQ', '7wQyKKcR_Ly9tgHnwAfdmw', 'pECs51pQUCxxGbCfkTF8qg', 'YbDDTMqFniQwuADrXid3vw', 'pf7Viz25YS1jqxIs8XXNSA', 'zpEWlQRvxiYZJEXvNPpOgw', 'uyDLQLDpvyuXVt7v2_pEJA', 'Vux-rD0_BkniOzSC4QvjtA']","[4379, 4380, 4381, 4382, 4383, 4384, 4385, 4386, 4387, 4388, 4389, 4390, 4391, 4392, 4393, 4394]",pedestrian_road
296,"['JpmFL3ocTjbHQqZI79Nxtg', 'CCEDwNETpHvsR1X76ol0ng', 'x5Iij0ihnWoUnMgymk-wrw', 'nLar6JZ_6WSnkSoP-tnRWg', '08LWTrDfhvKBzqTeMIfH8Q', 'j91YFzJ-0VkygK04HBzW_A', 'SN4FLSrsG_yBVak5Dq5-VQ', 'xbyY8pPrD1zhE9QMK4VyxA', '_5loi8t8acGXSsnEGkYCZQ', '7wQyKKcR_Ly9tgHnwAfdmw', 'pECs51pQUCxxGbCfkTF8qg', 'YbDDTMqFniQwuADrXid3vw', 'pf7Viz25YS1jqxIs8XXNSA', 'zpEWlQRvxiYZJEXvNPpOgw', 'uyDLQLDpvyuXVt7v2_pEJA', 'Vux-rD0_BkniOzSC4QvjtA']","[4379, 4380, 4381, 4382, 4383, 4384, 4385, 4386, 4387, 4388, 4389, 4390, 4391, 4392, 4393, 4394]",pedestrian_road
297,"['MDMcxJgb5uBHTbdZ3gItuQ', 'C01X0Na1mj2kgVPDhTmATQ', '3ARYu6-FG7ydr3539K_lKA', 'mM-j14GAu2hX4JCCv4QwLw', 'MKrXkQargeUUkg2OIL1SJQ', 'J3UC7flM916mGcj2jyRdNQ', 'ZV0KXcV7AM-atsv83UHyTA', 'o15QopY9_kOKPbxTpe252Q', 'UmzhS_hKdZFfa0HOTmLuNQ', '59ITey0tU90hDJpEwRpEKw', 'ZjHLDjsPuM0lXA42X3G5tA', 'TvEyLF6GRbpu4NFRXNL_3g', 'aatZxzgnM5EXQaxAS-2LRw', 'W2JUhONdo7fsEnPUAaDDcQ', 'Ux4qhFL_iX_L1gzVv_uWPQ', 'IWT_o2YLlmrrgftV4X16wA', '22bip4azSFVJ2xeiNAjQvA', 'vqwPThlHPWkeZ1XGk9QBNQ', 'iOwdsK14FxYJuf-XqEhUVw', 'ihSjsWkXyOyHwf0vGFIb2g', 'RZBc5OLsNzACynknloor6A', 'ruMlXsaMF_koedNC2fRpkQ', 'gqXeeqyqX804pwtbEWW1vA', 'j6MwUaOg9dD-V7wy-X939g', 'p6B-Ge1ojYihdLcjdkb_hA', 'SLjW3wDM-JMIjPo3iiB76A', 'lFmA-yeqXVnW_NyvH_EYnA', 'AlRbcdiqJLD_e0lXg9kmiQ', 'PEqfjvBSwajPWTZN3xjrFg', '0tfwZ57XVvN-18bwZ3a6RA', '-qUvsvCktGgNQaKMw9SZCA', 'EHy6EAare8WDnRK0an5cPA']","[4342, 4343, 4344, 4345, 4346, 4347, 4348, 4349, 4350, 4351, 4352, 4353, 4354, 4355, 4356, 4357, 4358, 4359, 4360, 4361, 4362, 4363, 4364, 4365, 4366, 4367, 4368, 4369, 4370, 4371, 4372, 4373]",main_road
298,"['XSASAO5Ns4es4PCQMBZAWA', 'FjXUPWHKBwdWaIPGctLxLg']","[4375, 4376]",main_road
299,"['XSASAO5Ns4es4PCQMBZAWA', 'FjXUPWHKBwdWaIPGctLxLg']","[4375, 4376]",main_road
300,"['XSASAO5Ns4es4PCQMBZAWA', 'FjXUPWHKBwdWaIPGctLxLg', 'TUuJ15FANI6MzsHovMGf2A', '5j05s3lu2mx4w4cjHQOLrA', 'Xnyr0Hksgcfq5xAOG1WRhA', '7sP4blFrsudpWvaUpFmqQw', 'Y3fOiijZgjyZIbkq2u0Uww']","[4375, 4376, 4377, 4378, 5246, 5247, 5248]",main_road
301,"['vZdk31zynvIsIEFqyZDRkA', 'Wp3d40HdhFMfLeIuMwFQYw', 'FBeGo_2B0FoTmBUjWzVZcA', '9fD9in41PtyocPf4XQAdug', 'Q6BRqxYpnhoMZ0EHo3c8JA', 'faQ8WO2xeCunpjTMQrdcWA']","[5239, 5240, 5241, 5283, 5284, 5285]",main_road
302,"['vZdk31zynvIsIEFqyZDRkA', 'Wp3d40HdhFMfLeIuMwFQYw', 'FBeGo_2B0FoTmBUjWzVZcA']","[5239, 5240, 5241]",main_road
304,"['TUuJ15FANI6MzsHovMGf2A', '5j05s3lu2mx4w4cjHQOLrA', 'Xnyr0Hksgcfq5xAOG1WRhA', '7sP4blFrsudpWvaUpFmqQw', 'Y3fOiijZgjyZIbkq2u0Uww']","[4377, 4378, 5246, 5247, 5248]",main_road
305,"['TUuJ15FANI6MzsHovMGf2A', '5j05s3lu2mx4w4cjHQOLrA']","[4377, 4378]",main_road
306,['fL-cTptwGlO9nuo--CHJDA'],[4397],pedestrian_road
307,"['Xnyr0Hksgcfq5xAOG1WRhA', '7sP4blFrsudpWvaUpFmqQw', 'Y3fOiijZgjyZIbkq2u0Uww']","[5246, 5247, 5248]",main_road
308,"['Xnyr0Hksgcfq5xAOG1WRhA', '7sP4blFrsudpWvaUpFmqQw', 'Y3fOiijZgjyZIbkq2u0Uww']","[5246, 5247, 5248]",main_road
309,"['Xnyr0Hksgcfq5xAOG1WRhA', '7sP4blFrsudpWvaUpFmqQw', 'Y3fOiijZgjyZIbkq2u0Uww']","[5246, 5247, 5248]",main_road
310,"['GaEcQvce2rBHFZGCjhWcRw', 'BORbKM1kxrhl8KGgjUwDEg', 'RX40xHjKnVwiTOJOmXIMqg', 't0NdKP5KPR0QdmOfcXNnig', 'I0gN3sCF5feBxQQxn4awDQ', 'RoL8tJ3BhhgMnhDv1r7erA', 'cYY85dACZYb9cItSfQpOzg', 'fETh47USRfOOv00LkEU02Q', 'y5SbKIzJTuZ-vTvpyAYQkQ', 'Xnyr0Hksgcfq5xAOG1WRhA', '7sP4blFrsudpWvaUpFmqQw', 'Y3fOiijZgjyZIbkq2u0Uww']","[4406, 4407, 4408, 4409, 4410, 4411, 4412, 4413, 4414, 5246, 5247, 5248]",main_road
311,"['JpmFL3ocTjbHQqZI79Nxtg', 'CCEDwNETpHvsR1X76ol0ng', 'x5Iij0ihnWoUnMgymk-wrw', 'nLar6JZ_6WSnkSoP-tnRWg', '08LWTrDfhvKBzqTeMIfH8Q', 'j91YFzJ-0VkygK04HBzW_A', 'SN4FLSrsG_yBVak5Dq5-VQ', 'xbyY8pPrD1zhE9QMK4VyxA', '_5loi8t8acGXSsnEGkYCZQ', '7wQyKKcR_Ly9tgHnwAfdmw', 'pECs51pQUCxxGbCfkTF8qg', 'YbDDTMqFniQwuADrXid3vw', 'pf7Viz25YS1jqxIs8XXNSA', 'zpEWlQRvxiYZJEXvNPpOgw', 'uyDLQLDpvyuXVt7v2_pEJA', 'Vux-rD0_BkniOzSC4QvjtA']","[4379, 4380, 4381, 4382, 4383, 4384, 4385, 4386, 4387, 4388, 4389, 4390, 4391, 4392, 4393, 4394]",pedestrian_road
312,"['dtgI7_hnMBusz0g5Hr9xNA', 'O8n-6X-18xOW-4b8za3Ang', '5yoJCi-QLeSN2OTC2wcY5Q', 'xdR_yf4xcSxK3dQbbNNwLw', 'uT2Oiy8lEqVfLlDSkH_i2g', 'gqurXzKiovi21WOTJfEOPg', 'mGJJKgytjhAVkaWWfPpy7g', 'Oj_xKmHjgwl87gotfdJWew', 'CVy7loybtXvH1wl1Ta86RA', 'qrNrfBt4qbug3LEFE-F0jA', 'b050vfW4Ie5zmF8SqrU0mA', 'v5-E4vfch9anU9JCUztCcQ', 'UeHRb2YeOa7cUGVHA8co7w', '_5ZBaINafeuDHyUljAwIzw', 'n-gdbTv4PTVUDVSVaywU6Q']","[5249, 5251, 5252, 5253, 5254, 5255, 5256, 5257, 5258, 5260, 5261, 5262, 5263, 5264, 5265]",main_road
313,"['dtgI7_hnMBusz0g5Hr9xNA', 'O8n-6X-18xOW-4b8za3Ang', '5yoJCi-QLeSN2OTC2wcY5Q', 'xdR_yf4xcSxK3dQbbNNwLw', 'uT2Oiy8lEqVfLlDSkH_i2g', 'gqurXzKiovi21WOTJfEOPg', 'mGJJKgytjhAVkaWWfPpy7g', 'Oj_xKmHjgwl87gotfdJWew', 'CVy7loybtXvH1wl1Ta86RA', 'qrNrfBt4qbug3LEFE-F0jA', 'b050vfW4Ie5zmF8SqrU0mA', 'v5-E4vfch9anU9JCUztCcQ', 'UeHRb2YeOa7cUGVHA8co7w', '_5ZBaINafeuDHyUljAwIzw', 'n-gdbTv4PTVUDVSVaywU6Q']","[5249, 5251, 5252, 5253, 5254, 5255, 5256, 5257, 5258, 5260, 5261, 5262, 5263, 5264, 5265]",main_road
315,"['uT2Oiy8lEqVfLlDSkH_i2g', 'gqurXzKiovi21WOTJfEOPg', 'mGJJKgytjhAVkaWWfPpy7g', 'Oj_xKmHjgwl87gotfdJWew', 'CVy7loybtXvH1wl1Ta86RA', 'qrNrfBt4qbug3LEFE-F0jA', 'b050vfW4Ie5zmF8SqrU0mA', 'v5-E4vfch9anU9JCUztCcQ', 'UeHRb2YeOa7cUGVHA8co7w', '_5ZBaINafeuDHyUljAwIzw', 'n-gdbTv4PTVUDVSVaywU6Q', 'BXVgufOUroARflBiJ3xlqQ', 'soDpLCKSVvgaq1X7vJUWag', 'dHl3Ssgwyb5Qez_Qkp1DTQ', 'nwMtKZGsoSEgQMUWJM4PVQ', 'Ix0bqeifeDmr3UjngovBsg', 'BApKa7rP29AmByUT_yCMzA', 'k8PLBZMbcE0OIFWD1eV6tg', '9lToFNj492LwdRmye0ZvSQ', '0nfqlqSrMUGS22prlw-nxw', 'pytMpVaGPhCVZ-1I8MW6fQ', 'go9sn8ulA0z2aXBXEBgrkA', 'bj0hNSJJHZhAV4jstxs6UA', 'fluwkhrvSbLhXc4aGdznXw', 'zEdHnMeo_6mF2ra1-qm08Q', 'YBdoBbjazpkIkoz971nKkQ', 'DnZNrm9hRqRYA1Z4rpUvLQ']","[5254, 5255, 5256, 5257, 5258, 5260, 5261, 5262, 5263, 5264, 5265, 5266, 5267, 5268, 5269, 5270, 5271, 5272, 5273, 5274, 5275, 5276, 5277, 5278, 5279, 5280, 5282]",main_road
316,"['dtgI7_hnMBusz0g5Hr9xNA', 'O8n-6X-18xOW-4b8za3Ang', '5yoJCi-QLeSN2OTC2wcY5Q', 'xdR_yf4xcSxK3dQbbNNwLw', 'uT2Oiy8lEqVfLlDSkH_i2g', 'gqurXzKiovi21WOTJfEOPg', 'mGJJKgytjhAVkaWWfPpy7g', 'Oj_xKmHjgwl87gotfdJWew', 'CVy7loybtXvH1wl1Ta86RA', '1P3MmGFdMYNf5YPeVM5nRg', 'qrNrfBt4qbug3LEFE-F0jA', 'b050vfW4Ie5zmF8SqrU0mA', 'v5-E4vfch9anU9JCUztCcQ', 'UeHRb2YeOa7cUGVHA8co7w', '_5ZBaINafeuDHyUljAwIzw', 'n-gdbTv4PTVUDVSVaywU6Q', 'fluwkhrvSbLhXc4aGdznXw']","[5249, 5251, 5252, 5253, 5254, 5255, 5256, 5257, 5258, 5259, 5260, 5261, 5262, 5263, 5264, 5265, 5278]",main_road
317,"['uT2Oiy8lEqVfLlDSkH_i2g', 'gqurXzKiovi21WOTJfEOPg', 'mGJJKgytjhAVkaWWfPpy7g', 'Oj_xKmHjgwl87gotfdJWew', 'CVy7loybtXvH1wl1Ta86RA', 'qrNrfBt4qbug3LEFE-F0jA', 'b050vfW4Ie5zmF8SqrU0mA', 'v5-E4vfch9anU9JCUztCcQ', 'UeHRb2YeOa7cUGVHA8co7w', '_5ZBaINafeuDHyUljAwIzw', 'n-gdbTv4PTVUDVSVaywU6Q', 'BXVgufOUroARflBiJ3xlqQ', 'soDpLCKSVvgaq1X7vJUWag', 'dHl3Ssgwyb5Qez_Qkp1DTQ', 'nwMtKZGsoSEgQMUWJM4PVQ', 'Ix0bqeifeDmr3UjngovBsg', 'BApKa7rP29AmByUT_yCMzA', 'k8PLBZMbcE0OIFWD1eV6tg', '9lToFNj492LwdRmye0ZvSQ', '0nfqlqSrMUGS22prlw-nxw', 'pytMpVaGPhCVZ-1I8MW6fQ', 'go9sn8ulA0z2aXBXEBgrkA', 'bj0hNSJJHZhAV4jstxs6UA', 'fluwkhrvSbLhXc4aGdznXw', 'zEdHnMeo_6mF2ra1-qm08Q', 'YBdoBbjazpkIkoz971nKkQ', 'PPLLYOZgndV8saWl116cQw', 'DnZNrm9hRqRYA1Z4rpUvLQ']","[5254, 5255, 5256, 5257, 5258, 5260, 5261, 5262, 5263, 5264, 5265, 5266, 5267, 5268, 5269, 5270, 5271, 5272, 5273, 5274, 5275, 5276, 5277, 5278, 5279, 5280, 5281, 5282]",main_road
318,"['dtgI7_hnMBusz0g5Hr9xNA', 'yKr5qVoYvxS-TZgGO1rYvA', 'O8n-6X-18xOW-4b8za3Ang', '5yoJCi-QLeSN2OTC2wcY5Q', 'xdR_yf4xcSxK3dQbbNNwLw', 'uT2Oiy8lEqVfLlDSkH_i2g', 'gqurXzKiovi21WOTJfEOPg', 'mGJJKgytjhAVkaWWfPpy7g', 'Oj_xKmHjgwl87gotfdJWew', 'CVy7loybtXvH1wl1Ta86RA', '1P3MmGFdMYNf5YPeVM5nRg', 'qrNrfBt4qbug3LEFE-F0jA', 'b050vfW4Ie5zmF8SqrU0mA', 'v5-E4vfch9anU9JCUztCcQ', 'UeHRb2YeOa7cUGVHA8co7w', '_5ZBaINafeuDHyUljAwIzw', 'n-gdbTv4PTVUDVSVaywU6Q', 'fluwkhrvSbLhXc4aGdznXw']","[5249, 5250, 5251, 5252, 5253, 5254, 5255, 5256, 5257, 5258, 5259, 5260, 5261, 5262, 5263, 5264, 5265, 5278]",main_road
319,"['dtgI7_hnMBusz0g5Hr9xNA', 'yKr5qVoYvxS-TZgGO1rYvA', 'O8n-6X-18xOW-4b8za3Ang', '5yoJCi-QLeSN2OTC2wcY5Q', 'xdR_yf4xcSxK3dQbbNNwLw', 'uT2Oiy8lEqVfLlDSkH_i2g', 'gqurXzKiovi21WOTJfEOPg', 'mGJJKgytjhAVkaWWfPpy7g', 'Oj_xKmHjgwl87gotfdJWew', 'CVy7loybtXvH1wl1Ta86RA', '1P3MmGFdMYNf5YPeVM5nRg', 'qrNrfBt4qbug3LEFE-F0jA', 'b050vfW4Ie5zmF8SqrU0mA', 'v5-E4vfch9anU9JCUztCcQ', 'UeHRb2YeOa7cUGVHA8co7w', '_5ZBaINafeuDHyUljAwIzw', 'n-gdbTv4PTVUDVSVaywU6Q']","[5249, 5250, 5251, 5252, 5253, 5254, 5255, 5256, 5257, 5258, 5259, 5260, 5261, 5262, 5263, 5264, 5265]",main_road
320,"['dtgI7_hnMBusz0g5Hr9xNA', 'yKr5qVoYvxS-TZgGO1rYvA', 'O8n-6X-18xOW-4b8za3Ang', '5yoJCi-QLeSN2OTC2wcY5Q', 'xdR_yf4xcSxK3dQbbNNwLw', 'uT2Oiy8lEqVfLlDSkH_i2g', 'gqurXzKiovi21WOTJfEOPg', 'mGJJKgytjhAVkaWWfPpy7g', 'Oj_xKmHjgwl87gotfdJWew', 'CVy7loybtXvH1wl1Ta86RA', '1P3MmGFdMYNf5YPeVM5nRg', 'qrNrfBt4qbug3LEFE-F0jA', 'b050vfW4Ie5zmF8SqrU0mA', 'v5-E4vfch9anU9JCUztCcQ', 'UeHRb2YeOa7cUGVHA8co7w', '_5ZBaINafeuDHyUljAwIzw', 'n-gdbTv4PTVUDVSVaywU6Q', 'fluwkhrvSbLhXc4aGdznXw']","[5249, 5250, 5251, 5252, 5253, 5254, 5255, 5256, 5257, 5258, 5259, 5260, 5261, 5262, 5263, 5264, 5265, 5278]",main_road
321,['T_DKRnsWrVRS_pDt7x6MDw'],[5203],main_road
322,['T_DKRnsWrVRS_pDt7x6MDw'],[5203],main_road
323,['PPLLYOZgndV8saWl116cQw'],[5281],main_road
324,"['BXVgufOUroARflBiJ3xlqQ', 'soDpLCKSVvgaq1X7vJUWag', 'dHl3Ssgwyb5Qez_Qkp1DTQ', 'nwMtKZGsoSEgQMUWJM4PVQ', 'Ix0bqeifeDmr3UjngovBsg', 'BApKa7rP29AmByUT_yCMzA', 'k8PLBZMbcE0OIFWD1eV6tg', '9lToFNj492LwdRmye0ZvSQ', '0nfqlqSrMUGS22prlw-nxw', 'pytMpVaGPhCVZ-1I8MW6fQ', 'go9sn8ulA0z2aXBXEBgrkA', 'bj0hNSJJHZhAV4jstxs6UA', 'fluwkhrvSbLhXc4aGdznXw', 'zEdHnMeo_6mF2ra1-qm08Q', 'YBdoBbjazpkIkoz971nKkQ', 'PPLLYOZgndV8saWl116cQw', 'DnZNrm9hRqRYA1Z4rpUvLQ']","[5266, 5267, 5268, 5269, 5270, 5271, 5272, 5273, 5274, 5275, 5276, 5277, 5278, 5279, 5280, 5281, 5282]",main_road
325,"['BXVgufOUroARflBiJ3xlqQ', 'soDpLCKSVvgaq1X7vJUWag', 'dHl3Ssgwyb5Qez_Qkp1DTQ', 'nwMtKZGsoSEgQMUWJM4PVQ', 'Ix0bqeifeDmr3UjngovBsg', 'BApKa7rP29AmByUT_yCMzA', 'k8PLBZMbcE0OIFWD1eV6tg', '9lToFNj492LwdRmye0ZvSQ', '0nfqlqSrMUGS22prlw-nxw', 'pytMpVaGPhCVZ-1I8MW6fQ', 'go9sn8ulA0z2aXBXEBgrkA', 'bj0hNSJJHZhAV4jstxs6UA', 'fluwkhrvSbLhXc4aGdznXw', 'zEdHnMeo_6mF2ra1-qm08Q', 'YBdoBbjazpkIkoz971nKkQ', 'PPLLYOZgndV8saWl116cQw', 'DnZNrm9hRqRYA1Z4rpUvLQ']","[5266, 5267, 5268, 5269, 5270, 5271, 5272, 5273, 5274, 5275, 5276, 5277, 5278, 5279, 5280, 5281, 5282]",main_road
327,['PPLLYOZgndV8saWl116cQw'],[5281],main_road
328,"['T_DKRnsWrVRS_pDt7x6MDw', '07DWjq7kMgm1L8N7OoQVzA', 'u_MnXAKEsjjKP6kDSmwImw', 'TEdTtKe1Mr30_Se3-88tgA', '2eli7s5hDVxoSwkFiO08xw', '_YDzRdFZfPUGtImHjpvaMQ', 'aSUi0eCl6zckJgKWR1WRaQ', 'oJQmpUZelnS4ECL81PydpQ', '3y0AxsUZ2HoA-vJVPbH8_g', '4FJh_xbwGisoaTlMqENN1w', 'lmc5jZNtPdBDjDhida1KPA', '3gJ3G8ovwgxvBwGImnROOQ']","[5203, 5216, 5217, 5218, 5219, 5220, 5221, 5222, 5223, 5224, 5225, 5226]",residential_road
329,"['BXVgufOUroARflBiJ3xlqQ', 'soDpLCKSVvgaq1X7vJUWag', 'dHl3Ssgwyb5Qez_Qkp1DTQ', 'nwMtKZGsoSEgQMUWJM4PVQ', 'Ix0bqeifeDmr3UjngovBsg', 'BApKa7rP29AmByUT_yCMzA', 'k8PLBZMbcE0OIFWD1eV6tg', '9lToFNj492LwdRmye0ZvSQ', '0nfqlqSrMUGS22prlw-nxw', 'pytMpVaGPhCVZ-1I8MW6fQ', 'go9sn8ulA0z2aXBXEBgrkA', 'bj0hNSJJHZhAV4jstxs6UA', 'fluwkhrvSbLhXc4aGdznXw', 'zEdHnMeo_6mF2ra1-qm08Q', 'YBdoBbjazpkIkoz971nKkQ', 'PPLLYOZgndV8saWl116cQw', 'DnZNrm9hRqRYA1Z4rpUvLQ', 'Ldhp7fXYmcpmtzdFuitHFA', '4YCGK3ruja-w6egU4v5KCQ']","[5266, 5267, 5268, 5269, 5270, 5271, 5272, 5273, 5274, 5275, 5276, 5277, 5278, 5279, 5280, 5281, 5282, 5311, 5318]",main_road
330,"['dtgI7_hnMBusz0g5Hr9xNA', 'yKr5qVoYvxS-TZgGO1rYvA', 'O8n-6X-18xOW-4b8za3Ang', '5yoJCi-QLeSN2OTC2wcY5Q', 'xdR_yf4xcSxK3dQbbNNwLw', 'uT2Oiy8lEqVfLlDSkH_i2g', 'gqurXzKiovi21WOTJfEOPg', 'mGJJKgytjhAVkaWWfPpy7g', 'Oj_xKmHjgwl87gotfdJWew', 'CVy7loybtXvH1wl1Ta86RA', '1P3MmGFdMYNf5YPeVM5nRg', 'qrNrfBt4qbug3LEFE-F0jA', 'b050vfW4Ie5zmF8SqrU0mA', 'v5-E4vfch9anU9JCUztCcQ', 'UeHRb2YeOa7cUGVHA8co7w', '_5ZBaINafeuDHyUljAwIzw', 'n-gdbTv4PTVUDVSVaywU6Q', 'fluwkhrvSbLhXc4aGdznXw']","[5249, 5250, 5251, 5252, 5253, 5254, 5255, 5256, 5257, 5258, 5259, 5260, 5261, 5262, 5263, 5264, 5265, 5278]",main_road
331,"['mGJJKgytjhAVkaWWfPpy7g', 'CVy7loybtXvH1wl1Ta86RA', 'qrNrfBt4qbug3LEFE-F0jA', '_5ZBaINafeuDHyUljAwIzw', 'BXVgufOUroARflBiJ3xlqQ', 'soDpLCKSVvgaq1X7vJUWag', 'dHl3Ssgwyb5Qez_Qkp1DTQ', 'nwMtKZGsoSEgQMUWJM4PVQ', 'Ix0bqeifeDmr3UjngovBsg', 'BApKa7rP29AmByUT_yCMzA', 'k8PLBZMbcE0OIFWD1eV6tg', '9lToFNj492LwdRmye0ZvSQ', '0nfqlqSrMUGS22prlw-nxw', 'pytMpVaGPhCVZ-1I8MW6fQ', 'go9sn8ulA0z2aXBXEBgrkA', 'bj0hNSJJHZhAV4jstxs6UA', 'fluwkhrvSbLhXc4aGdznXw', 'zEdHnMeo_6mF2ra1-qm08Q', 'YBdoBbjazpkIkoz971nKkQ', 'PPLLYOZgndV8saWl116cQw', 'DnZNrm9hRqRYA1Z4rpUvLQ']","[5256, 5258, 5260, 5264, 5266, 5267, 5268, 5269, 5270, 5271, 5272, 5273, 5274, 5275, 5276, 5277, 5278, 5279, 5280, 5281, 5282]",main_road
332,"['9fD9in41PtyocPf4XQAdug', 'Q6BRqxYpnhoMZ0EHo3c8JA', 'faQ8WO2xeCunpjTMQrdcWA']","[5283, 5284, 5285]",pedestrian_road
333,"['dtgI7_hnMBusz0g5Hr9xNA', 'yKr5qVoYvxS-TZgGO1rYvA', 'O8n-6X-18xOW-4b8za3Ang', '5yoJCi-QLeSN2OTC2wcY5Q', 'xdR_yf4xcSxK3dQbbNNwLw', 'uT2Oiy8lEqVfLlDSkH_i2g', 'gqurXzKiovi21WOTJfEOPg', 'mGJJKgytjhAVkaWWfPpy7g', 'Oj_xKmHjgwl87gotfdJWew', 'CVy7loybtXvH1wl1Ta86RA', '1P3MmGFdMYNf5YPeVM5nRg', 'qrNrfBt4qbug3LEFE-F0jA', 'b050vfW4Ie5zmF8SqrU0mA', 'v5-E4vfch9anU9JCUztCcQ', 'UeHRb2YeOa7cUGVHA8co7w', '_5ZBaINafeuDHyUljAwIzw', 'n-gdbTv4PTVUDVSVaywU6Q']","[5249, 5250, 5251, 5252, 5253, 5254, 5255, 5256, 5257, 5258, 5259, 5260, 5261, 5262, 5263, 5264, 5265]",main_road
334,"['dtgI7_hnMBusz0g5Hr9xNA', 'yKr5qVoYvxS-TZgGO1rYvA', 'O8n-6X-18xOW-4b8za3Ang', '5yoJCi-QLeSN2OTC2wcY5Q', 'xdR_yf4xcSxK3dQbbNNwLw', 'uT2Oiy8lEqVfLlDSkH_i2g', 'gqurXzKiovi21WOTJfEOPg', 'mGJJKgytjhAVkaWWfPpy7g', 'Oj_xKmHjgwl87gotfdJWew', 'CVy7loybtXvH1wl1Ta86RA', '1P3MmGFdMYNf5YPeVM5nRg', 'qrNrfBt4qbug3LEFE-F0jA', 'b050vfW4Ie5zmF8SqrU0mA', 'v5-E4vfch9anU9JCUztCcQ', 'UeHRb2YeOa7cUGVHA8co7w', '_5ZBaINafeuDHyUljAwIzw', 'n-gdbTv4PTVUDVSVaywU6Q']","[5249, 5250, 5251, 5252, 5253, 5254, 5255, 5256, 5257, 5258, 5259, 5260, 5261, 5262, 5263, 5264, 5265]",main_road
335,"['dtgI7_hnMBusz0g5Hr9xNA', 'yKr5qVoYvxS-TZgGO1rYvA', 'O8n-6X-18xOW-4b8za3Ang', '5yoJCi-QLeSN2OTC2wcY5Q', 'xdR_yf4xcSxK3dQbbNNwLw', 'uT2Oiy8lEqVfLlDSkH_i2g', 'gqurXzKiovi21WOTJfEOPg', 'mGJJKgytjhAVkaWWfPpy7g', 'Oj_xKmHjgwl87gotfdJWew', 'CVy7loybtXvH1wl1Ta86RA', '1P3MmGFdMYNf5YPeVM5nRg', 'qrNrfBt4qbug3LEFE-F0jA', 'b050vfW4Ie5zmF8SqrU0mA', 'v5-E4vfch9anU9JCUztCcQ', 'UeHRb2YeOa7cUGVHA8co7w', '_5ZBaINafeuDHyUljAwIzw', 'n-gdbTv4PTVUDVSVaywU6Q']","[5249, 5250, 5251, 5252, 5253, 5254, 5255, 5256, 5257, 5258, 5259, 5260, 5261, 5262, 5263, 5264, 5265]",main_road
336,"['mGJJKgytjhAVkaWWfPpy7g', 'CVy7loybtXvH1wl1Ta86RA', 'qrNrfBt4qbug3LEFE-F0jA', '_5ZBaINafeuDHyUljAwIzw']","[5256, 5258, 5260, 5264]",main_road
337,"['dtgI7_hnMBusz0g5Hr9xNA', 'yKr5qVoYvxS-TZgGO1rYvA', 'O8n-6X-18xOW-4b8za3Ang', '5yoJCi-QLeSN2OTC2wcY5Q', 'xdR_yf4xcSxK3dQbbNNwLw', 'uT2Oiy8lEqVfLlDSkH_i2g', 'gqurXzKiovi21WOTJfEOPg', 'mGJJKgytjhAVkaWWfPpy7g', 'Oj_xKmHjgwl87gotfdJWew', 'CVy7loybtXvH1wl1Ta86RA', '1P3MmGFdMYNf5YPeVM5nRg', 'qrNrfBt4qbug3LEFE-F0jA', 'b050vfW4Ie5zmF8SqrU0mA', 'v5-E4vfch9anU9JCUztCcQ', 'UeHRb2YeOa7cUGVHA8co7w', '_5ZBaINafeuDHyUljAwIzw', 'n-gdbTv4PTVUDVSVaywU6Q', 'zsi6Y1FqIVXnJ-kkLaUcbw', 'FCcTx-xQVgTDlCsEMGlBdQ', 'bhB_mCTKWsNw0Lr5gTb_vw', '7lC_sgrjPghA7vKzp5bjsA', 'jescSIP7GX3uGEcmGviN5A', 'LhhV6JJVPnalRCae3CzMDg']","[5249, 5250, 5251, 5252, 5253, 5254, 5255, 5256, 5257, 5258, 5259, 5260, 5261, 5262, 5263, 5264, 5265, 5320, 5321, 5322, 5323, 5324, 5325]",main_road
338,"['zsi6Y1FqIVXnJ-kkLaUcbw', 'FCcTx-xQVgTDlCsEMGlBdQ', 'bhB_mCTKWsNw0Lr5gTb_vw', '7lC_sgrjPghA7vKzp5bjsA', 'jescSIP7GX3uGEcmGviN5A', 'LhhV6JJVPnalRCae3CzMDg']","[5320, 5321, 5322, 5323, 5324, 5325]",pedestrian_road
339,"['Xnyr0Hksgcfq5xAOG1WRhA', '7sP4blFrsudpWvaUpFmqQw', 'Y3fOiijZgjyZIbkq2u0Uww']","[5246, 5247, 5248]",main_road
340,"['Xnyr0Hksgcfq5xAOG1WRhA', '7sP4blFrsudpWvaUpFmqQw', 'Y3fOiijZgjyZIbkq2u0Uww']","[5246, 5247, 5248]",main_road
341,"['9fD9in41PtyocPf4XQAdug', 'Q6BRqxYpnhoMZ0EHo3c8JA', 'faQ8WO2xeCunpjTMQrdcWA']","[5283, 5284, 5285]",pedestrian_road
342,"['GaEcQvce2rBHFZGCjhWcRw', 'BORbKM1kxrhl8KGgjUwDEg', 'RX40xHjKnVwiTOJOmXIMqg', 't0NdKP5KPR0QdmOfcXNnig', 'I0gN3sCF5feBxQQxn4awDQ', 'RoL8tJ3BhhgMnhDv1r7erA', 'cYY85dACZYb9cItSfQpOzg', 'fETh47USRfOOv00LkEU02Q', 'y5SbKIzJTuZ-vTvpyAYQkQ']","[4406, 4407, 4408, 4409, 4410, 4411, 4412, 4413, 4414]",main_road
343,"['dtgI7_hnMBusz0g5Hr9xNA', 'yKr5qVoYvxS-TZgGO1rYvA', 'O8n-6X-18xOW-4b8za3Ang', '5yoJCi-QLeSN2OTC2wcY5Q', 'xdR_yf4xcSxK3dQbbNNwLw', 'uT2Oiy8lEqVfLlDSkH_i2g', 'gqurXzKiovi21WOTJfEOPg', 'mGJJKgytjhAVkaWWfPpy7g', 'Oj_xKmHjgwl87gotfdJWew', 'CVy7loybtXvH1wl1Ta86RA', '1P3MmGFdMYNf5YPeVM5nRg', 'qrNrfBt4qbug3LEFE-F0jA', 'b050vfW4Ie5zmF8SqrU0mA', 'v5-E4vfch9anU9JCUztCcQ', 'UeHRb2YeOa7cUGVHA8co7w', '_5ZBaINafeuDHyUljAwIzw', 'n-gdbTv4PTVUDVSVaywU6Q', 'QjVYt0D6eNeydwyPiIb42Q', '4Zre65RcgvJk_3E-iZwbjg', 'yA6yay_wSnC17zMSUFdXtg', 'Wqp-bHRCTMTHV4InpCxByw', 'w3I3dEmrgb3ENB42a3AzMQ', 'qH12FSuiVIMGwfXKN9I6kQ', 'dUBjKhvY_kVZWUo5u04FKg', '8Ph0zlpd_9AK1J4oTdPFlQ', 'N0YQE7hKDtzlR0rKkMlNKA', 'hAfURJSi3Y7XMzBaLp-Cwg']","[5249, 5250, 5251, 5252, 5253, 5254, 5255, 5256, 5257, 5258, 5259, 5260, 5261, 5262, 5263, 5264, 5265, 5287, 5289, 5290, 5291, 5292, 5294, 5295, 5296, 5297, 5298]",main_road
345,"['WKaBy3lQz2Z3UEK6PcFcZg', 'GwjfFmzujs8ZlCGvy3a63w', 'hdKg-cqcRPA84qHRTC0oyQ', 'reGoD5D_M_jYJhWZSa554Q', 'IEsJ36xQWGFcD7RlR4i0bQ']","[4441, 4442, 4443, 4444, 4445]",main_road
347,['Q6BRqxYpnhoMZ0EHo3c8JA'],[5284],pedestrian_road
348,"['dtgI7_hnMBusz0g5Hr9xNA', 'yKr5qVoYvxS-TZgGO1rYvA', 'O8n-6X-18xOW-4b8za3Ang', '5yoJCi-QLeSN2OTC2wcY5Q', 'xdR_yf4xcSxK3dQbbNNwLw', 'uT2Oiy8lEqVfLlDSkH_i2g', 'gqurXzKiovi21WOTJfEOPg', 'mGJJKgytjhAVkaWWfPpy7g', 'Oj_xKmHjgwl87gotfdJWew', 'CVy7loybtXvH1wl1Ta86RA', '1P3MmGFdMYNf5YPeVM5nRg', 'qrNrfBt4qbug3LEFE-F0jA', 'b050vfW4Ie5zmF8SqrU0mA', 'v5-E4vfch9anU9JCUztCcQ', 'UeHRb2YeOa7cUGVHA8co7w', '_5ZBaINafeuDHyUljAwIzw', 'n-gdbTv4PTVUDVSVaywU6Q']","[5249, 5250, 5251, 5252, 5253, 5254, 5255, 5256, 5257, 5258, 5259, 5260, 5261, 5262, 5263, 5264, 5265]",main_road
349,"['Xnyr0Hksgcfq5xAOG1WRhA', '7sP4blFrsudpWvaUpFmqQw', 'Y3fOiijZgjyZIbkq2u0Uww', 'tHMRAhZB1l82tms3fs9tqA', 'BZYch2OLnK7rRaWWyj0gHg', 'j2IAbZ86QvDKkYL9CCB9_Q', 'o2MCxFKFUm6Y8Bd7XaVrDQ', 'LpctCQopBRhLBttLstZTTA', 'M9OIyNFJjgMtlv0Lcb7uBg', 'lBjPMyd_IUzkUCRFt32jqQ', '8v9t-AIkp31uZEvlEgriOQ', 'x9LLYssiMV34SeTr7EDppw', 's6n8cqPdd88SliaFbz0IyQ', 'dphsnxle9s_DIGm1F-Z7rQ']","[5246, 5247, 5248, 5299, 5300, 5301, 5302, 5303, 5304, 5305, 5306, 5307, 5308, 5309]",main_road
350,"['GaEcQvce2rBHFZGCjhWcRw', 'BORbKM1kxrhl8KGgjUwDEg', 'RX40xHjKnVwiTOJOmXIMqg', 't0NdKP5KPR0QdmOfcXNnig', 'I0gN3sCF5feBxQQxn4awDQ', 'RoL8tJ3BhhgMnhDv1r7erA', 'cYY85dACZYb9cItSfQpOzg', 'fETh47USRfOOv00LkEU02Q', 'y5SbKIzJTuZ-vTvpyAYQkQ', 'WKaBy3lQz2Z3UEK6PcFcZg', 'GwjfFmzujs8ZlCGvy3a63w', 'hdKg-cqcRPA84qHRTC0oyQ', 'reGoD5D_M_jYJhWZSa554Q', 'IEsJ36xQWGFcD7RlR4i0bQ']","[4406, 4407, 4408, 4409, 4410, 4411, 4412, 4413, 4414, 4441, 4442, 4443, 4444, 4445]",main_road
351,"['T_DKRnsWrVRS_pDt7x6MDw', '4FJh_xbwGisoaTlMqENN1w']","[5203, 5224]",main_road
353,"['Qa_dOkd-zd0zI4g47Z8NeA', 'Ldhp7fXYmcpmtzdFuitHFA', 'rQg9SytalSaj7qPuwm_5fw', 'HKllaBG0AbudYQD-WKScwQ', 'I8AsOzMcMuAEZdKAatmcuw', '398hvhJ9g44u9xZY5h5oew', 'a9ZR5LzdiSh4yOfMp5soSw', '55AuFSLYO4RBy7b5vze5mw', '4YCGK3ruja-w6egU4v5KCQ', 'Z_Ne9KayouMlAGtlm-fhmw']","[5310, 5311, 5312, 5313, 5314, 5315, 5316, 5317, 5318, 5319]",residential_road
354,"['07DWjq7kMgm1L8N7OoQVzA', 'u_MnXAKEsjjKP6kDSmwImw', 'TEdTtKe1Mr30_Se3-88tgA', '2eli7s5hDVxoSwkFiO08xw', '_YDzRdFZfPUGtImHjpvaMQ', 'aSUi0eCl6zckJgKWR1WRaQ', 'oJQmpUZelnS4ECL81PydpQ', '3y0AxsUZ2HoA-vJVPbH8_g', '4FJh_xbwGisoaTlMqENN1w', 'lmc5jZNtPdBDjDhida1KPA', '3gJ3G8ovwgxvBwGImnROOQ']","[5216, 5217, 5218, 5219, 5220, 5221, 5222, 5223, 5224, 5225, 5226]",residential_road
355,"['07DWjq7kMgm1L8N7OoQVzA', 'u_MnXAKEsjjKP6kDSmwImw', 'TEdTtKe1Mr30_Se3-88tgA', '2eli7s5hDVxoSwkFiO08xw', '_YDzRdFZfPUGtImHjpvaMQ', 'aSUi0eCl6zckJgKWR1WRaQ', 'oJQmpUZelnS4ECL81PydpQ', '3y0AxsUZ2HoA-vJVPbH8_g', '4FJh_xbwGisoaTlMqENN1w', 'lmc5jZNtPdBDjDhida1KPA', '3gJ3G8ovwgxvBwGImnROOQ']","[5216, 5217, 5218, 5219, 5220, 5221, 5222, 5223, 5224, 5225, 5226]",residential_road
356,['u_MnXAKEsjjKP6kDSmwImw'],[5217],residential_road
357,"['07DWjq7kMgm1L8N7OoQVzA', 'u_MnXAKEsjjKP6kDSmwImw', 'TEdTtKe1Mr30_Se3-88tgA', '2eli7s5hDVxoSwkFiO08xw', '_YDzRdFZfPUGtImHjpvaMQ', 'aSUi0eCl6zckJgKWR1WRaQ', 'oJQmpUZelnS4ECL81PydpQ', '3y0AxsUZ2HoA-vJVPbH8_g', '4FJh_xbwGisoaTlMqENN1w', 'lmc5jZNtPdBDjDhida1KPA', '3gJ3G8ovwgxvBwGImnROOQ']","[5216, 5217, 5218, 5219, 5220, 5221, 5222, 5223, 5224, 5225, 5226]",residential_road
358,"['Qa_dOkd-zd0zI4g47Z8NeA', 'Ldhp7fXYmcpmtzdFuitHFA', 'rQg9SytalSaj7qPuwm_5fw', 'HKllaBG0AbudYQD-WKScwQ', 'I8AsOzMcMuAEZdKAatmcuw', '398hvhJ9g44u9xZY5h5oew', 'a9ZR5LzdiSh4yOfMp5soSw', '55AuFSLYO4RBy7b5vze5mw', '4YCGK3ruja-w6egU4v5KCQ', 'Z_Ne9KayouMlAGtlm-fhmw']","[5310, 5311, 5312, 5313, 5314, 5315, 5316, 5317, 5318, 5319]",residential_road
359,"['07DWjq7kMgm1L8N7OoQVzA', 'u_MnXAKEsjjKP6kDSmwImw', 'TEdTtKe1Mr30_Se3-88tgA', '2eli7s5hDVxoSwkFiO08xw', '_YDzRdFZfPUGtImHjpvaMQ', 'aSUi0eCl6zckJgKWR1WRaQ', 'oJQmpUZelnS4ECL81PydpQ', '3y0AxsUZ2HoA-vJVPbH8_g', '4FJh_xbwGisoaTlMqENN1w', 'lmc5jZNtPdBDjDhida1KPA', '3gJ3G8ovwgxvBwGImnROOQ']","[5216, 5217, 5218, 5219, 5220, 5221, 5222, 5223, 5224, 5225, 5226]",residential_road
360,"['WKaBy3lQz2Z3UEK6PcFcZg', 'GwjfFmzujs8ZlCGvy3a63w', 'hdKg-cqcRPA84qHRTC0oyQ', 'reGoD5D_M_jYJhWZSa554Q', 'IEsJ36xQWGFcD7RlR4i0bQ']","[4441, 4442, 4443, 4444, 4445]",main_road
361,"['lBjPMyd_IUzkUCRFt32jqQ', '8v9t-AIkp31uZEvlEgriOQ', 's6n8cqPdd88SliaFbz0IyQ']","[5305, 5306, 5308]",pedestrian_road
362,"['tHMRAhZB1l82tms3fs9tqA', 'BZYch2OLnK7rRaWWyj0gHg', 'j2IAbZ86QvDKkYL9CCB9_Q', 'o2MCxFKFUm6Y8Bd7XaVrDQ', 'LpctCQopBRhLBttLstZTTA', 'M9OIyNFJjgMtlv0Lcb7uBg', 'lBjPMyd_IUzkUCRFt32jqQ', '8v9t-AIkp31uZEvlEgriOQ', 'x9LLYssiMV34SeTr7EDppw', 's6n8cqPdd88SliaFbz0IyQ', 'dphsnxle9s_DIGm1F-Z7rQ']","[5299, 5300, 5301, 5302, 5303, 5304, 5305, 5306, 5307, 5308, 5309]",main_road
363,"['WKaBy3lQz2Z3UEK6PcFcZg', 'GwjfFmzujs8ZlCGvy3a63w', 'hdKg-cqcRPA84qHRTC0oyQ', 'reGoD5D_M_jYJhWZSa554Q', 'IEsJ36xQWGFcD7RlR4i0bQ', 'tHMRAhZB1l82tms3fs9tqA', 'BZYch2OLnK7rRaWWyj0gHg', 'j2IAbZ86QvDKkYL9CCB9_Q', 'o2MCxFKFUm6Y8Bd7XaVrDQ', 'M9OIyNFJjgMtlv0Lcb7uBg', 'lBjPMyd_IUzkUCRFt32jqQ', '8v9t-AIkp31uZEvlEgriOQ', 'x9LLYssiMV34SeTr7EDppw', 's6n8cqPdd88SliaFbz0IyQ', 'dphsnxle9s_DIGm1F-Z7rQ']","[4441, 4442, 4443, 4444, 4445, 5299, 5300, 5301, 5302, 5304, 5305, 5306, 5307, 5308, 5309]",main_road
364,"['tHMRAhZB1l82tms3fs9tqA', 'BZYch2OLnK7rRaWWyj0gHg', 'j2IAbZ86QvDKkYL9CCB9_Q', 'o2MCxFKFUm6Y8Bd7XaVrDQ', 'M9OIyNFJjgMtlv0Lcb7uBg', 'lBjPMyd_IUzkUCRFt32jqQ', '8v9t-AIkp31uZEvlEgriOQ', 'x9LLYssiMV34SeTr7EDppw', 's6n8cqPdd88SliaFbz0IyQ', 'dphsnxle9s_DIGm1F-Z7rQ']","[5299, 5300, 5301, 5302, 5304, 5305, 5306, 5307, 5308, 5309]",main_road
365,"['WKaBy3lQz2Z3UEK6PcFcZg', 'GwjfFmzujs8ZlCGvy3a63w', 'hdKg-cqcRPA84qHRTC0oyQ', 'reGoD5D_M_jYJhWZSa554Q', 'IEsJ36xQWGFcD7RlR4i0bQ', 'tHMRAhZB1l82tms3fs9tqA', 'BZYch2OLnK7rRaWWyj0gHg', 'j2IAbZ86QvDKkYL9CCB9_Q', 'o2MCxFKFUm6Y8Bd7XaVrDQ', 'LpctCQopBRhLBttLstZTTA', 'M9OIyNFJjgMtlv0Lcb7uBg', 'lBjPMyd_IUzkUCRFt32jqQ', '8v9t-AIkp31uZEvlEgriOQ', 'x9LLYssiMV34SeTr7EDppw', 's6n8cqPdd88SliaFbz0IyQ', 'dphsnxle9s_DIGm1F-Z7rQ']","[4441, 4442, 4443, 4444, 4445, 5299, 5300, 5301, 5302, 5303, 5304, 5305, 5306, 5307, 5308, 5309]",main_road
366,"['tHMRAhZB1l82tms3fs9tqA', 'BZYch2OLnK7rRaWWyj0gHg', 'j2IAbZ86QvDKkYL9CCB9_Q', 'o2MCxFKFUm6Y8Bd7XaVrDQ', 'LpctCQopBRhLBttLstZTTA', 'M9OIyNFJjgMtlv0Lcb7uBg', 'lBjPMyd_IUzkUCRFt32jqQ', '8v9t-AIkp31uZEvlEgriOQ', 'x9LLYssiMV34SeTr7EDppw', 's6n8cqPdd88SliaFbz0IyQ', 'dphsnxle9s_DIGm1F-Z7rQ']","[5299, 5300, 5301, 5302, 5303, 5304, 5305, 5306, 5307, 5308, 5309]",main_road
367,"['tHMRAhZB1l82tms3fs9tqA', 'BZYch2OLnK7rRaWWyj0gHg', 'j2IAbZ86QvDKkYL9CCB9_Q', 'o2MCxFKFUm6Y8Bd7XaVrDQ', 'LpctCQopBRhLBttLstZTTA', 'M9OIyNFJjgMtlv0Lcb7uBg', 'lBjPMyd_IUzkUCRFt32jqQ', '8v9t-AIkp31uZEvlEgriOQ', 'x9LLYssiMV34SeTr7EDppw', 's6n8cqPdd88SliaFbz0IyQ', 'dphsnxle9s_DIGm1F-Z7rQ']","[5299, 5300, 5301, 5302, 5303, 5304, 5305, 5306, 5307, 5308, 5309]",main_road
368,"['rpJ5tZb3AKsz2tl8GdTbeA', 'QjVYt0D6eNeydwyPiIb42Q', 'zujB4GYHWVC0apOCKTZwEA', '4Zre65RcgvJk_3E-iZwbjg', 'yA6yay_wSnC17zMSUFdXtg', 'Wqp-bHRCTMTHV4InpCxByw', 'w3I3dEmrgb3ENB42a3AzMQ', 'avtECV1I4C9Yvq5Z3QDoYQ', 'qH12FSuiVIMGwfXKN9I6kQ', 'dUBjKhvY_kVZWUo5u04FKg', '8Ph0zlpd_9AK1J4oTdPFlQ', 'N0YQE7hKDtzlR0rKkMlNKA', 'hAfURJSi3Y7XMzBaLp-Cwg', 'tHMRAhZB1l82tms3fs9tqA', 'BZYch2OLnK7rRaWWyj0gHg', 'j2IAbZ86QvDKkYL9CCB9_Q', 'o2MCxFKFUm6Y8Bd7XaVrDQ', 'M9OIyNFJjgMtlv0Lcb7uBg', 'lBjPMyd_IUzkUCRFt32jqQ', '8v9t-AIkp31uZEvlEgriOQ', 'x9LLYssiMV34SeTr7EDppw', 's6n8cqPdd88SliaFbz0IyQ', 'dphsnxle9s_DIGm1F-Z7rQ']","[5286, 5287, 5288, 5289, 5290, 5291, 5292, 5293, 5294, 5295, 5296, 5297, 5298, 5299, 5300, 5301, 5302, 5304, 5305, 5306, 5307, 5308, 5309]",main_road
369,"['WKaBy3lQz2Z3UEK6PcFcZg', 'GwjfFmzujs8ZlCGvy3a63w', 'hdKg-cqcRPA84qHRTC0oyQ', 'reGoD5D_M_jYJhWZSa554Q', 'IEsJ36xQWGFcD7RlR4i0bQ']","[4441, 4442, 4443, 4444, 4445]",main_road
370,"['Ldhp7fXYmcpmtzdFuitHFA', 'rQg9SytalSaj7qPuwm_5fw', 'HKllaBG0AbudYQD-WKScwQ', 'I8AsOzMcMuAEZdKAatmcuw', '398hvhJ9g44u9xZY5h5oew', '4YCGK3ruja-w6egU4v5KCQ']","[5311, 5312, 5313, 5314, 5315, 5318]",residential_road
372,"['TiDl_-J7Yfj848SJM9iPhw', 'VpoQ2bfVZ0Q7WgsiAf_esQ', 'D7WoM4Feo2WWGOIr2EqsPw', 'Tf_iqdWvnJI0iMuf1UMsog', 'jUfUlNp8_DNY3TRE6KO8hQ', 'L53FwsT0ulFJsE-Uv3gStA', 'j53rMmjCFz1CT09HgztPcA', 'AvO8bxsrxtEFNUtEuC64Qg', '-V1w2te8FEQu_q_PedoLow', '8Ul5dDXqZB88-RrPIfgnNA', '4tsm3Nz-kKaQwwdNvjny0w']","[5338, 5339, 5340, 5341, 5342, 5343, 5344, 5345, 5346, 5347, 5348]",pedestrian_road
373,"['RWxGmuTqDu1fEBXLFzMW9A', 'S5JDH9YfXYFGkb0eu7ivYA', 'YUYMh5Ba8D8BS-zKNh8gYQ', 'JPIytM-OFoJpluZ-lEo_BA', 'qOpg8v755RbXqrUanJIZXg', 'DIfcP-y8k5kEQo6eGIJ8QQ', 'aQgM9HXnsAaGnYH_q04lDg', 'YkK-oPr_Gus0Xl0HMN0Zew', 'd7tTKSnabYBlXhuvVPk_-A', 'owy2_jEAJAujXVUyu3gkvA', 'PbN40dAIFRuscpQqhItZRw', 'TiDl_-J7Yfj848SJM9iPhw', 'VpoQ2bfVZ0Q7WgsiAf_esQ', 'D7WoM4Feo2WWGOIr2EqsPw', 'Tf_iqdWvnJI0iMuf1UMsog', 'jUfUlNp8_DNY3TRE6KO8hQ', 'L53FwsT0ulFJsE-Uv3gStA', 'j53rMmjCFz1CT09HgztPcA', 'AvO8bxsrxtEFNUtEuC64Qg', '-V1w2te8FEQu_q_PedoLow', '8Ul5dDXqZB88-RrPIfgnNA', '4tsm3Nz-kKaQwwdNvjny0w']","[5326, 5327, 5328, 5329, 5330, 5331, 5332, 5333, 5334, 5335, 5336, 5338, 5339, 5340, 5341, 5342, 5343, 5344, 5345, 5346, 5347, 5348]",pedestrian_road
374,"['TiDl_-J7Yfj848SJM9iPhw', 'VpoQ2bfVZ0Q7WgsiAf_esQ', 'D7WoM4Feo2WWGOIr2EqsPw', 'Tf_iqdWvnJI0iMuf1UMsog', 'jUfUlNp8_DNY3TRE6KO8hQ', 'L53FwsT0ulFJsE-Uv3gStA', 'j53rMmjCFz1CT09HgztPcA', 'AvO8bxsrxtEFNUtEuC64Qg', '-V1w2te8FEQu_q_PedoLow', '8Ul5dDXqZB88-RrPIfgnNA', '4tsm3Nz-kKaQwwdNvjny0w', 'F8vx17WZkZVLKHuOwzfcXw', 'X8_Ujd-S82qZvseyf3SWqA', 'OCEn1eQfujEQfAU2b6QBJg', '9oV_NOFcDvDF4O2LsrJfAw', 'EpEbjElAjeKS8-F9NqXhNw', 'ibXovs5R4PRKWeI2vY2qEw', 'wdMU4G0GNWRLDhLdgtGsjA', 'LqOisRgjZ2VmfsuJZ1r_pQ', '-J1Q5R8A58utzVf53v25aA', 'XmSIMb2N2UlXltxZbfPQbQ', 'oZC7-NpXkgAju4Be7ggDRg', '9ILjnLffQR358heYssMmJw']","[5338, 5339, 5340, 5341, 5342, 5343, 5344, 5345, 5346, 5347, 5348, 5487, 5488, 5489, 5490, 5491, 5492, 5493, 5494, 5495, 5496, 5497, 5498]",pedestrian_road
375,"['TiDl_-J7Yfj848SJM9iPhw', 'VpoQ2bfVZ0Q7WgsiAf_esQ', 'D7WoM4Feo2WWGOIr2EqsPw', 'Tf_iqdWvnJI0iMuf1UMsog', 'jUfUlNp8_DNY3TRE6KO8hQ', 'L53FwsT0ulFJsE-Uv3gStA', 'j53rMmjCFz1CT09HgztPcA', 'AvO8bxsrxtEFNUtEuC64Qg', '-V1w2te8FEQu_q_PedoLow', '8Ul5dDXqZB88-RrPIfgnNA', '4tsm3Nz-kKaQwwdNvjny0w', 'O8yoLbR0O9UtDDFngwvoCw', '_FcTdmLNp6j0RpDUp42ZuA', 'h7b8YjsupE9yza6ArzzZvA', 'FOacLIn2oLF_p_KSXBOsfA', 'vsg5U9w_nToBjeAqlU7w9Q', '5VE3DzN_CL3mqNiSUMgIMA', '4v9WVSr4dmhcVliMDNoz6g', 'S4p1QxkOF3zHUJxtgzjQrQ', 'kcjp2h2DN5fPaqnWRm19Kg', 'NGCZU86nnLRMtn6TQSY60g', 'DePNVFcgNrf_F9VXen_Yyg', 'j0H_BMHsF5VbrzAUXnI66g', 'ui4buVwAtBesL9O7tFxnIQ', 'DnztbTPC2VBJuhNJkG4qqQ', 'HEn4FulPFtvS2qDQcPSVxA']","[5338, 5339, 5340, 5341, 5342, 5343, 5344, 5345, 5346, 5347, 5348, 5372, 5373, 5374, 5375, 5376, 5377, 5378, 5379, 5380, 5381, 5382, 5383, 5384, 5385, 5386]",pedestrian_road
376,"['O8yoLbR0O9UtDDFngwvoCw', '_FcTdmLNp6j0RpDUp42ZuA', 'h7b8YjsupE9yza6ArzzZvA', 'FOacLIn2oLF_p_KSXBOsfA', 'vsg5U9w_nToBjeAqlU7w9Q', '5VE3DzN_CL3mqNiSUMgIMA', '4v9WVSr4dmhcVliMDNoz6g', 'S4p1QxkOF3zHUJxtgzjQrQ', 'kcjp2h2DN5fPaqnWRm19Kg', 'NGCZU86nnLRMtn6TQSY60g', 'ui4buVwAtBesL9O7tFxnIQ', 'DnztbTPC2VBJuhNJkG4qqQ', 'HEn4FulPFtvS2qDQcPSVxA']","[5372, 5373, 5374, 5375, 5376, 5377, 5378, 5379, 5380, 5381, 5384, 5385, 5386]",main_road
378,"['O8yoLbR0O9UtDDFngwvoCw', '_FcTdmLNp6j0RpDUp42ZuA', 'h7b8YjsupE9yza6ArzzZvA', 'FOacLIn2oLF_p_KSXBOsfA', 'vsg5U9w_nToBjeAqlU7w9Q', '5VE3DzN_CL3mqNiSUMgIMA', '4v9WVSr4dmhcVliMDNoz6g', 'S4p1QxkOF3zHUJxtgzjQrQ', 'kcjp2h2DN5fPaqnWRm19Kg', 'NGCZU86nnLRMtn6TQSY60g', 'DePNVFcgNrf_F9VXen_Yyg', 'j0H_BMHsF5VbrzAUXnI66g', 'ui4buVwAtBesL9O7tFxnIQ', 'DnztbTPC2VBJuhNJkG4qqQ', 'HEn4FulPFtvS2qDQcPSVxA']","[5372, 5373, 5374, 5375, 5376, 5377, 5378, 5379, 5380, 5381, 5382, 5383, 5384, 5385, 5386]",main_road
379,"['O8yoLbR0O9UtDDFngwvoCw', '_FcTdmLNp6j0RpDUp42ZuA', 'h7b8YjsupE9yza6ArzzZvA', 'FOacLIn2oLF_p_KSXBOsfA', 'vsg5U9w_nToBjeAqlU7w9Q', '5VE3DzN_CL3mqNiSUMgIMA', '4v9WVSr4dmhcVliMDNoz6g', 'S4p1QxkOF3zHUJxtgzjQrQ', 'kcjp2h2DN5fPaqnWRm19Kg', 'NGCZU86nnLRMtn6TQSY60g', 'ui4buVwAtBesL9O7tFxnIQ', 'DnztbTPC2VBJuhNJkG4qqQ', 'HEn4FulPFtvS2qDQcPSVxA']","[5372, 5373, 5374, 5375, 5376, 5377, 5378, 5379, 5380, 5381, 5384, 5385, 5386]",main_road
380,"['MPrzQbwiiKzaqw-Ob9pffg', 'r41EvQ-UTzxyfT1OFeNNOw', '_9WDIf6G_qgC2f50i_N5Pw', 'w_t9-BfjNKkH5p2p4XhkRA', '9BMJ6wt7f9dyvpgPu6HoUw', 'S1spNbaatkWMbG5vvkwvAA', 'cnvmESMBXHFTdJoXBOkDVw']","[4872, 4873, 4874, 4875, 4879, 4880, 4881]",pedestrian_road
381,"['6xtOHinFY4vC4gV7JyJLww', 'hbLQN8BGwPWPynvxXsL5qQ', '7u3ODtEUhYniUrPOFlTAQw', '9BMJ6wt7f9dyvpgPu6HoUw', 'S1spNbaatkWMbG5vvkwvAA', 'cnvmESMBXHFTdJoXBOkDVw']","[4876, 4877, 4878, 4879, 4880, 4881]",residential_road
382,"['6xtOHinFY4vC4gV7JyJLww', 'hbLQN8BGwPWPynvxXsL5qQ', '7u3ODtEUhYniUrPOFlTAQw', '9BMJ6wt7f9dyvpgPu6HoUw', 'S1spNbaatkWMbG5vvkwvAA', 'cnvmESMBXHFTdJoXBOkDVw']","[4876, 4877, 4878, 4879, 4880, 4881]",residential_road
383,"['6xtOHinFY4vC4gV7JyJLww', 'hbLQN8BGwPWPynvxXsL5qQ', '7u3ODtEUhYniUrPOFlTAQw', '9BMJ6wt7f9dyvpgPu6HoUw', 'S1spNbaatkWMbG5vvkwvAA', 'cnvmESMBXHFTdJoXBOkDVw']","[4876, 4877, 4878, 4879, 4880, 4881]",residential_road
384,['K9aiGIJjgjp6zVTJZXjEMA'],[4894],pedestrian_road
385,"['6xtOHinFY4vC4gV7JyJLww', 'hbLQN8BGwPWPynvxXsL5qQ', '7u3ODtEUhYniUrPOFlTAQw', '9BMJ6wt7f9dyvpgPu6HoUw', 'S1spNbaatkWMbG5vvkwvAA', 'cnvmESMBXHFTdJoXBOkDVw', 'K9aiGIJjgjp6zVTJZXjEMA']","[4876, 4877, 4878, 4879, 4880, 4881, 4894]",residential_road
386,"['6xtOHinFY4vC4gV7JyJLww', 'hbLQN8BGwPWPynvxXsL5qQ', '7u3ODtEUhYniUrPOFlTAQw', '9BMJ6wt7f9dyvpgPu6HoUw', 'S1spNbaatkWMbG5vvkwvAA', 'cnvmESMBXHFTdJoXBOkDVw', 'K9aiGIJjgjp6zVTJZXjEMA']","[4876, 4877, 4878, 4879, 4880, 4881, 4894]",residential_road
387,"['6xtOHinFY4vC4gV7JyJLww', 'hbLQN8BGwPWPynvxXsL5qQ', '7u3ODtEUhYniUrPOFlTAQw', '9BMJ6wt7f9dyvpgPu6HoUw', 'S1spNbaatkWMbG5vvkwvAA', 'cnvmESMBXHFTdJoXBOkDVw']","[4876, 4877, 4878, 4879, 4880, 4881]",residential_road
388,"['6xtOHinFY4vC4gV7JyJLww', 'hbLQN8BGwPWPynvxXsL5qQ', '7u3ODtEUhYniUrPOFlTAQw', '9BMJ6wt7f9dyvpgPu6HoUw', 'S1spNbaatkWMbG5vvkwvAA', 'cnvmESMBXHFTdJoXBOkDVw', 'IcdiumPLPUOYhSI09XNtnQ', 'x0xw5gpi8XEJCEtoOiVaMg', 'xWkJAMoosCxaAJT5AWxxZg', 'XJBhQuymREGjn5hd3NbL8g', 'OVN5B5KCZPykl8y6J32RfA', 'f6Bk-Dseisd56RhQKIN5QA', 'NXidZ2uI3ThJkufVs4KRlQ', 'OQcc-MwQu4u6hmEcK5kDkg', 'uw6eXO_6RXOGv44-C6x9HQ', '7gIUVLlNsoTtNxZ2OQ3TRg', 'Q35mVqBHBGYWFQmvjrYmvQ', 'V6-6tKsa_7xsx1oL6iw0AQ', '0faxcfSagBhE_OtfG6ELeA', '77sM0mFZvRaWHG8CnbBLuw']","[4876, 4877, 4878, 4879, 4880, 4881, 4919, 4920, 4921, 4922, 4923, 4924, 4925, 4926, 4927, 4928, 4929, 4930, 4931, 4933]",main_road
389,"['IcdiumPLPUOYhSI09XNtnQ', 'x0xw5gpi8XEJCEtoOiVaMg', 'xWkJAMoosCxaAJT5AWxxZg', 'XJBhQuymREGjn5hd3NbL8g', 'OVN5B5KCZPykl8y6J32RfA', 'f6Bk-Dseisd56RhQKIN5QA', 'NXidZ2uI3ThJkufVs4KRlQ', 'OQcc-MwQu4u6hmEcK5kDkg', 'uw6eXO_6RXOGv44-C6x9HQ', '7gIUVLlNsoTtNxZ2OQ3TRg', 'Q35mVqBHBGYWFQmvjrYmvQ', 'V6-6tKsa_7xsx1oL6iw0AQ', '0faxcfSagBhE_OtfG6ELeA', 'TLN2qKeeqjd_BehXPznNXA', '77sM0mFZvRaWHG8CnbBLuw']","[4919, 4920, 4921, 4922, 4923, 4924, 4925, 4926, 4927, 4928, 4929, 4930, 4931, 4932, 4933]",main_road
390,"['wWqdi2AM8GGeP1lbQWwKfQ', 'COO5cxnSk4U-s4l1jY7SGQ', 'vf0_HQn_uZLlXKFBsbSCGQ', 'YZ0BqKJWJQa91dpyS_PHpQ', '3YZopYuPDm7UgHP4XNmHlA']","[5197, 5198, 5199, 5200, 5201]",pedestrian_road
393,['fE4rJ6DMYTTxnWE0W7mghw'],[5204],pedestrian_road
394,['fE4rJ6DMYTTxnWE0W7mghw'],[5204],pedestrian_road
395,['fE4rJ6DMYTTxnWE0W7mghw'],[5204],pedestrian_road
396,['fE4rJ6DMYTTxnWE0W7mghw'],[5204],pedestrian_road
397,"['fE4rJ6DMYTTxnWE0W7mghw', '07DWjq7kMgm1L8N7OoQVzA', 'TEdTtKe1Mr30_Se3-88tgA', '2eli7s5hDVxoSwkFiO08xw', '_YDzRdFZfPUGtImHjpvaMQ', 'aSUi0eCl6zckJgKWR1WRaQ', '3y0AxsUZ2HoA-vJVPbH8_g', '4FJh_xbwGisoaTlMqENN1w', 'lmc5jZNtPdBDjDhida1KPA', '3gJ3G8ovwgxvBwGImnROOQ']","[5204, 5216, 5218, 5219, 5220, 5221, 5223, 5224, 5225, 5226]",residential_road
398,"['fE4rJ6DMYTTxnWE0W7mghw', 'Lu13H6ILR3060-C9ZnwI7A', 'O0BlYaavP40b-ztVrNwN4A', '5DIxuAIwxAYGBcguWL7-ZA', 'ucriH0ln8_F6Oj_79vXaXQ', 'CgYgcb7pFAx50UK6vxbXjA', 'lKq4BU9MoZj9vEU2UivdAg', 'KM_ecRqV4-n6z5sq3kbYNw', 'TfpG1eOvLLBD4OcWb0hJTA', '9HbuKXQdLws6m-OH-4qCnw', 'mJUZcgsPk4h1guo_BnxLyw']","[5204, 5227, 5228, 5229, 5230, 5231, 5232, 5233, 5234, 5235, 5236]",pedestrian_road
399,"['jMDNEhuA0rq5UF1fkSn2Pw', 'H9umuwfaPtzGecvns3s63w']","[5237, 5238]",main_road
400,"['x67B_bufQRm1i-3XLsWqWw', '_bXlpalDlH2DOKSo-TFvOQ', 'zXEnYdENJcBfN2dyRA9QTQ', 'Kz2pRK95mnK-f5ChGzulVw', '5IrH5UHM2LhDYfLx5kiX_w', 'ey8w9xcW33VL7yMSXDz6Ow', 'jDlEl9tIBNVWYOHaZKbbGA', 'VzlYreRZr9ZYwgshuopnRA', 'tL9Lc2DAauJlLsOgz1gyDw', '49zm8fIqxy2kLzTKa7bsUw', 'xdd3aU97apm_e1elBaxcCA', 'eeWMm2p8hvnAkvaZKvuOFA']","[4882, 4883, 4884, 4885, 4886, 4887, 4888, 4889, 4890, 4891, 4892, 4893]",pedestrian_road
401,"['x67B_bufQRm1i-3XLsWqWw', '_bXlpalDlH2DOKSo-TFvOQ', 'zXEnYdENJcBfN2dyRA9QTQ', 'Kz2pRK95mnK-f5ChGzulVw', '5IrH5UHM2LhDYfLx5kiX_w', 'ey8w9xcW33VL7yMSXDz6Ow', 'jDlEl9tIBNVWYOHaZKbbGA', 'VzlYreRZr9ZYwgshuopnRA', 'tL9Lc2DAauJlLsOgz1gyDw', '49zm8fIqxy2kLzTKa7bsUw', 'xdd3aU97apm_e1elBaxcCA', 'eeWMm2p8hvnAkvaZKvuOFA']","[4882, 4883, 4884, 4885, 4886, 4887, 4888, 4889, 4890, 4891, 4892, 4893]",pedestrian_road
402,"['rElxv-McuKUgOy8l-17LDA', 'FX-JPilk1eCuPxUKeb5yfg', 'N979w69FtdtEMvxZn8DLzA', 'K8hhdlGjP-Bkon5shszXvA', 'B9edpsfiK5v1oWbbPmchtw', '_bzxLQydyT8uJAD3OI3kBg', 'RA29K6KXzRQ4YZCS8vvdhQ', 'qd6bmZPXYvFCCc4owh5vtw', 'KFMc3qL-02Ahc3DFi3Xu0Q', 'Ojd0T0PJmA5lmOc8zPmCoQ', 'yp9xvpTy6xWVtQC6qQgHzg']","[5205, 5206, 5207, 5208, 5209, 5210, 5211, 5212, 5213, 5214, 5215]",main_road
403,"['x67B_bufQRm1i-3XLsWqWw', '_bXlpalDlH2DOKSo-TFvOQ', 'zXEnYdENJcBfN2dyRA9QTQ', 'Kz2pRK95mnK-f5ChGzulVw', '5IrH5UHM2LhDYfLx5kiX_w', 'ey8w9xcW33VL7yMSXDz6Ow', 'jDlEl9tIBNVWYOHaZKbbGA', 'VzlYreRZr9ZYwgshuopnRA', 'tL9Lc2DAauJlLsOgz1gyDw', '49zm8fIqxy2kLzTKa7bsUw', 'xdd3aU97apm_e1elBaxcCA', 'eeWMm2p8hvnAkvaZKvuOFA']","[4882, 4883, 4884, 4885, 4886, 4887, 4888, 4889, 4890, 4891, 4892, 4893]",pedestrian_road
404,"['zXEnYdENJcBfN2dyRA9QTQ', '5IrH5UHM2LhDYfLx5kiX_w', 'ey8w9xcW33VL7yMSXDz6Ow', 'jDlEl9tIBNVWYOHaZKbbGA', 'VzlYreRZr9ZYwgshuopnRA', 'tL9Lc2DAauJlLsOgz1gyDw', '49zm8fIqxy2kLzTKa7bsUw', 'xdd3aU97apm_e1elBaxcCA', 'eeWMm2p8hvnAkvaZKvuOFA', 'T4awbaQyFK-EqlSZI3N5QA', 'nK6bM0ZekSN6wClDFtdh9g', '-lDt7RMr9Zo-kSmPl2r3IA', 'V-GvLXanKkCJYp_mcNgU8A', 'x00p6TjXUL4ZOEyJoGsAHw', '-gDaRwGehKn0RyCmTf-jZQ', 'EwANIBo3zM_bahRViYi6ug', 'k4JqxW19V5J-jgUvBxv6Yw', 'gaGE5DLkE2IyTt__aOW0_w', 'l4wozm5Wk7GVat_Z2UTbfg']","[4884, 4886, 4887, 4888, 4889, 4890, 4891, 4892, 4893, 4909, 4910, 4911, 4912, 4913, 4914, 4915, 4916, 4917, 4918]",pedestrian_road
405,"['x67B_bufQRm1i-3XLsWqWw', '_bXlpalDlH2DOKSo-TFvOQ', 'zXEnYdENJcBfN2dyRA9QTQ', 'Kz2pRK95mnK-f5ChGzulVw', '5IrH5UHM2LhDYfLx5kiX_w', 'ey8w9xcW33VL7yMSXDz6Ow', 'jDlEl9tIBNVWYOHaZKbbGA', 'VzlYreRZr9ZYwgshuopnRA', 'tL9Lc2DAauJlLsOgz1gyDw', '49zm8fIqxy2kLzTKa7bsUw', 'xdd3aU97apm_e1elBaxcCA', 'eeWMm2p8hvnAkvaZKvuOFA']","[4882, 4883, 4884, 4885, 4886, 4887, 4888, 4889, 4890, 4891, 4892, 4893]",pedestrian_road
406,"['x67B_bufQRm1i-3XLsWqWw', '_bXlpalDlH2DOKSo-TFvOQ', 'zXEnYdENJcBfN2dyRA9QTQ', 'Kz2pRK95mnK-f5ChGzulVw', '5IrH5UHM2LhDYfLx5kiX_w', 'ey8w9xcW33VL7yMSXDz6Ow', 'jDlEl9tIBNVWYOHaZKbbGA', 'VzlYreRZr9ZYwgshuopnRA', 'tL9Lc2DAauJlLsOgz1gyDw', '49zm8fIqxy2kLzTKa7bsUw', 'xdd3aU97apm_e1elBaxcCA', 'eeWMm2p8hvnAkvaZKvuOFA', 'T4awbaQyFK-EqlSZI3N5QA', 'nK6bM0ZekSN6wClDFtdh9g', '-lDt7RMr9Zo-kSmPl2r3IA', 'V-GvLXanKkCJYp_mcNgU8A', 'x00p6TjXUL4ZOEyJoGsAHw', '-gDaRwGehKn0RyCmTf-jZQ', 'EwANIBo3zM_bahRViYi6ug', 'k4JqxW19V5J-jgUvBxv6Yw', 'gaGE5DLkE2IyTt__aOW0_w', 'l4wozm5Wk7GVat_Z2UTbfg']","[4882, 4883, 4884, 4885, 4886, 4887, 4888, 4889, 4890, 4891, 4892, 4893, 4909, 4910, 4911, 4912, 4913, 4914, 4915, 4916, 4917, 4918]",pedestrian_road
407,"['FX-JPilk1eCuPxUKeb5yfg', 'H9umuwfaPtzGecvns3s63w']","[5206, 5238]",main_road
409,"['T4awbaQyFK-EqlSZI3N5QA', 'nK6bM0ZekSN6wClDFtdh9g', '-lDt7RMr9Zo-kSmPl2r3IA', 'V-GvLXanKkCJYp_mcNgU8A', 'x00p6TjXUL4ZOEyJoGsAHw', '-gDaRwGehKn0RyCmTf-jZQ', 'EwANIBo3zM_bahRViYi6ug', 'k4JqxW19V5J-jgUvBxv6Yw', 'gaGE5DLkE2IyTt__aOW0_w', 'l4wozm5Wk7GVat_Z2UTbfg']","[4909, 4910, 4911, 4912, 4913, 4914, 4915, 4916, 4917, 4918]",pedestrian_road
410,['H9umuwfaPtzGecvns3s63w'],[5238],main_road
411,['H9umuwfaPtzGecvns3s63w'],[5238],main_road
412,['jMDNEhuA0rq5UF1fkSn2Pw'],[5237],main_road
413,"['9HbuKXQdLws6m-OH-4qCnw', 'jMDNEhuA0rq5UF1fkSn2Pw']","[5235, 5237]",residential_road
414,['jMDNEhuA0rq5UF1fkSn2Pw'],[5237],main_road
415,"['Lu13H6ILR3060-C9ZnwI7A', 'O0BlYaavP40b-ztVrNwN4A', '5DIxuAIwxAYGBcguWL7-ZA', 'ucriH0ln8_F6Oj_79vXaXQ', 'CgYgcb7pFAx50UK6vxbXjA', 'lKq4BU9MoZj9vEU2UivdAg', 'KM_ecRqV4-n6z5sq3kbYNw', 'TfpG1eOvLLBD4OcWb0hJTA', '9HbuKXQdLws6m-OH-4qCnw', 'mJUZcgsPk4h1guo_BnxLyw']","[5227, 5228, 5229, 5230, 5231, 5232, 5233, 5234, 5235, 5236]",pedestrian_road
416,['9HbuKXQdLws6m-OH-4qCnw'],[5235],residential_road
419,"['Lu13H6ILR3060-C9ZnwI7A', 'O0BlYaavP40b-ztVrNwN4A', '5DIxuAIwxAYGBcguWL7-ZA', 'ucriH0ln8_F6Oj_79vXaXQ', 'CgYgcb7pFAx50UK6vxbXjA', 'lKq4BU9MoZj9vEU2UivdAg', 'KM_ecRqV4-n6z5sq3kbYNw', 'TfpG1eOvLLBD4OcWb0hJTA', '9HbuKXQdLws6m-OH-4qCnw', 'mJUZcgsPk4h1guo_BnxLyw']","[5227, 5228, 5229, 5230, 5231, 5232, 5233, 5234, 5235, 5236]",pedestrian_road
421,"['fSaf5Vso-LPMeoRs8j6bHA', 'ZNbJ_DyArz8n31BLcA8QXQ', 'bnXTzewqH6RE5eTKDFtDLw', '9G6lsK-Bh7Yk2JNYyut26A', 'YzuJQAhO6gom3eL-rUX_Zg', 'fpb1Ps1HTg_fxGHonq7rDg', 'WfTV6Q9-GYqMHqG0Qh5y3g', 'Sp8enmUnVUX020cVG1Q53w', 'UaZci7AabMoWsF3tggXS3Q', 'yLb7LP3fjCZZ3kjo6VBVhw', 'FeaCecrc7LJrjUaBucis8A', 'npcKlGwB-IBcoTJ76KDs2g', 'eGhXNcF8jIK_2pkdyCPXKA', 'JcTUSVWz0cQ0QJ7P4fAVew', 'B0C648rHkdTiTJZrcmmSSg']","[5349, 5350, 5351, 5352, 5353, 5354, 5355, 5356, 5357, 5358, 5359, 5360, 5361, 5362, 5363]",main_road
422,['jMDNEhuA0rq5UF1fkSn2Pw'],[5237],main_road
424,"['fSaf5Vso-LPMeoRs8j6bHA', 'ZNbJ_DyArz8n31BLcA8QXQ', 'bnXTzewqH6RE5eTKDFtDLw', '9G6lsK-Bh7Yk2JNYyut26A', 'YzuJQAhO6gom3eL-rUX_Zg', 'fpb1Ps1HTg_fxGHonq7rDg', 'WfTV6Q9-GYqMHqG0Qh5y3g', 'Sp8enmUnVUX020cVG1Q53w', 'UaZci7AabMoWsF3tggXS3Q', 'yLb7LP3fjCZZ3kjo6VBVhw', 'FeaCecrc7LJrjUaBucis8A', 'npcKlGwB-IBcoTJ76KDs2g', 'eGhXNcF8jIK_2pkdyCPXKA', 'JcTUSVWz0cQ0QJ7P4fAVew', 'B0C648rHkdTiTJZrcmmSSg']","[5349, 5350, 5351, 5352, 5353, 5354, 5355, 5356, 5357, 5358, 5359, 5360, 5361, 5362, 5363]",main_road
425,"['fSaf5Vso-LPMeoRs8j6bHA', 'ZNbJ_DyArz8n31BLcA8QXQ', 'bnXTzewqH6RE5eTKDFtDLw', '9G6lsK-Bh7Yk2JNYyut26A', 'YzuJQAhO6gom3eL-rUX_Zg', 'fpb1Ps1HTg_fxGHonq7rDg', 'WfTV6Q9-GYqMHqG0Qh5y3g', 'Sp8enmUnVUX020cVG1Q53w', 'UaZci7AabMoWsF3tggXS3Q', 'yLb7LP3fjCZZ3kjo6VBVhw', 'FeaCecrc7LJrjUaBucis8A', 'npcKlGwB-IBcoTJ76KDs2g', 'eGhXNcF8jIK_2pkdyCPXKA', 'JcTUSVWz0cQ0QJ7P4fAVew', 'B0C648rHkdTiTJZrcmmSSg']","[5349, 5350, 5351, 5352, 5353, 5354, 5355, 5356, 5357, 5358, 5359, 5360, 5361, 5362, 5363]",main_road
426,['hoGtRyNw6gtNs6_GqhpNVg'],[5337],main_road
427,['hoGtRyNw6gtNs6_GqhpNVg'],[5337],main_road
428,['hoGtRyNw6gtNs6_GqhpNVg'],[5337],main_road
429,['hoGtRyNw6gtNs6_GqhpNVg'],[5337],main_road
430,"['SjF_KiWiQSiwn2-ABbsLxQ', 'IcdiumPLPUOYhSI09XNtnQ', 'x0xw5gpi8XEJCEtoOiVaMg', 'xWkJAMoosCxaAJT5AWxxZg', 'XJBhQuymREGjn5hd3NbL8g', 'OVN5B5KCZPykl8y6J32RfA', 'f6Bk-Dseisd56RhQKIN5QA', 'NXidZ2uI3ThJkufVs4KRlQ', 'OQcc-MwQu4u6hmEcK5kDkg', 'uw6eXO_6RXOGv44-C6x9HQ', '7gIUVLlNsoTtNxZ2OQ3TRg', 'Q35mVqBHBGYWFQmvjrYmvQ', 'V6-6tKsa_7xsx1oL6iw0AQ', '0faxcfSagBhE_OtfG6ELeA', '77sM0mFZvRaWHG8CnbBLuw']","[4896, 4919, 4920, 4921, 4922, 4923, 4924, 4925, 4926, 4927, 4928, 4929, 4930, 4931, 4933]",main_road
431,['SjF_KiWiQSiwn2-ABbsLxQ'],[4896],main_road
432,"['SjF_KiWiQSiwn2-ABbsLxQ', 'vgzLjTNXXZ8UbvSfdfEXhA', 'RsWft9JKv8O0qXopDT-FOw', 'WEvfONCZjzfH4HsFoi_w8Q', 'Gl7dgClwGDtzZPs0Mlm4CA', 'RHie3mhnL9z2o0K803eutg']","[4896, 6945, 6946, 6947, 6948, 6949]",pedestrian_road
433,"['vgzLjTNXXZ8UbvSfdfEXhA', 'RsWft9JKv8O0qXopDT-FOw', 'WEvfONCZjzfH4HsFoi_w8Q', 'Gl7dgClwGDtzZPs0Mlm4CA', 'RHie3mhnL9z2o0K803eutg', 'nfuxuL68n3HhSbRWweDS3w', '8a0fPiqTh_VoPVxTk7ut4w', 'bSRsHmaOlFOogK4Uqu7glg']","[6945, 6946, 6947, 6948, 6949, 6957, 6958, 6960]",pedestrian_road
434,"['vgzLjTNXXZ8UbvSfdfEXhA', 'RsWft9JKv8O0qXopDT-FOw', 'WEvfONCZjzfH4HsFoi_w8Q', 'Gl7dgClwGDtzZPs0Mlm4CA', 'RHie3mhnL9z2o0K803eutg', '8A7VsgQpOqrSlSERiumHGw', 'YYJ04rFsbEhhoJ020BcdXw', 'YxtvquuXN33Wj8wpRaS_pA', 'zjQA37KDEHwGGk3lN-rh9Q', 'of5gDT8D4SUam9AwW2SKaw', 'FVeZvzbT2GMxWYEvOxsR1A', 'J8cOahgDPZevRg0cIeNjhQ', 'gAon7IIFS0bmiIyt9ZdFRA', '3kYZPUo_djsQUs8WNkUOUg', 'iiLNWjjZWHMHjkh10mdZ5w']","[6945, 6946, 6947, 6948, 6949, 6961, 6962, 6963, 6964, 6965, 6966, 6967, 6968, 6969, 6970]",main_road
435,"['nfuxuL68n3HhSbRWweDS3w', '8a0fPiqTh_VoPVxTk7ut4w', 'bSRsHmaOlFOogK4Uqu7glg']","[6957, 6958, 6960]",pedestrian_road
436,"['nfuxuL68n3HhSbRWweDS3w', '8a0fPiqTh_VoPVxTk7ut4w', '7BJC-drJhTQRFRW8IN8mIg', 'bSRsHmaOlFOogK4Uqu7glg']","[6957, 6958, 6959, 6960]",pedestrian_road
441,"['VJjsDseoLSzVszT3j2GhSA', 'rJGOQf8uCHUNpCrJUUg3XA']","[6942, 6943]",pedestrian_road
442,"['fSaf5Vso-LPMeoRs8j6bHA', 'ZNbJ_DyArz8n31BLcA8QXQ', 'bnXTzewqH6RE5eTKDFtDLw', '9G6lsK-Bh7Yk2JNYyut26A', 'YzuJQAhO6gom3eL-rUX_Zg', 'fpb1Ps1HTg_fxGHonq7rDg', 'WfTV6Q9-GYqMHqG0Qh5y3g', 'Sp8enmUnVUX020cVG1Q53w', 'UaZci7AabMoWsF3tggXS3Q', 'yLb7LP3fjCZZ3kjo6VBVhw', 'FeaCecrc7LJrjUaBucis8A', 'npcKlGwB-IBcoTJ76KDs2g', 'eGhXNcF8jIK_2pkdyCPXKA', 'JcTUSVWz0cQ0QJ7P4fAVew', 'B0C648rHkdTiTJZrcmmSSg', 'VJjsDseoLSzVszT3j2GhSA', 'rJGOQf8uCHUNpCrJUUg3XA']","[5349, 5350, 5351, 5352, 5353, 5354, 5355, 5356, 5357, 5358, 5359, 5360, 5361, 5362, 5363, 6942, 6943]",main_road
443,"['fSaf5Vso-LPMeoRs8j6bHA', 'ZNbJ_DyArz8n31BLcA8QXQ', 'bnXTzewqH6RE5eTKDFtDLw', '9G6lsK-Bh7Yk2JNYyut26A', 'YzuJQAhO6gom3eL-rUX_Zg', 'fpb1Ps1HTg_fxGHonq7rDg', 'WfTV6Q9-GYqMHqG0Qh5y3g', 'Sp8enmUnVUX020cVG1Q53w', 'UaZci7AabMoWsF3tggXS3Q', 'yLb7LP3fjCZZ3kjo6VBVhw', 'FeaCecrc7LJrjUaBucis8A', 'npcKlGwB-IBcoTJ76KDs2g', 'eGhXNcF8jIK_2pkdyCPXKA', 'JcTUSVWz0cQ0QJ7P4fAVew', 'B0C648rHkdTiTJZrcmmSSg', '2sZoAh4vsqEKyF-U6jJlXw', 'cAh9CSd0zVlvrcqYCFjJcw', 'k8bLxQ47uQvoHWUAJ-XwPg', 'fClllOyC3ydC2tPEchjkJA', 'VJjsDseoLSzVszT3j2GhSA', 'ysVtiCbJAOfF8LFrhY_VHg']","[5349, 5350, 5351, 5352, 5353, 5354, 5355, 5356, 5357, 5358, 5359, 5360, 5361, 5362, 5363, 5365, 5366, 5367, 6941, 6942, 6944]",main_road
444,"['2sZoAh4vsqEKyF-U6jJlXw', 'cAh9CSd0zVlvrcqYCFjJcw', 'k8bLxQ47uQvoHWUAJ-XwPg']","[5365, 5366, 5367]",pedestrian_road
445,"['2sZoAh4vsqEKyF-U6jJlXw', 'cAh9CSd0zVlvrcqYCFjJcw', 'k8bLxQ47uQvoHWUAJ-XwPg']","[5365, 5366, 5367]",pedestrian_road
446,"['0aoKf63BZTQq_mZrkBn_UQ', 'fen24bSIt4aePsFe5JGj9Q', '7fUQGI4VKOqDxcATO8yMNw', '_Kkn3HpLD2A_efSvCb2qlA']","[6971, 6972, 6973, 6974]",residential_road
